時間,上游,下游,車種,車速,車流量
2024/04/29 16:05,01F0017N,01F0005N,31,46,54
2024/04/29 16:05,01F0017N,01F0005N,32,47,11
2024/04/29 16:05,01F0017N,01F0005N,41,46,4
2024/04/29 16:05,01F0017N,01F0005N,42,53,2
2024/04/29 16:05,01F0017N,01F0005N,5,0,0
2024/04/29 16:05,01F0029N,01F0017N,31,46,80
2024/04/29 16:05,01F0029N,01F0017N,32,47,26
2024/04/29 16:05,01F0029N,01F0017N,41,49,4
2024/04/29 16:05,01F0029N,01F0017N,42,52,3
2024/04/29 16:05,01F0029N,01F0017N,5,49,2
2024/04/29 16:05,01F0005S,01F0017S,31,52,70
2024/04/29 16:05,01F0005S,01F0017S,32,54,20
2024/04/29 16:05,01F0005S,01F0017S,41,49,1
2024/04/29 16:05,01F0005S,01F0017S,42,45,1
2024/04/29 16:05,01F0005S,01F0017S,5,0,0
2024/04/29 16:05,01F0061N,01F0029N,31,121,84
2024/04/29 16:05,01F0061N,01F0029N,32,123,33
2024/04/29 16:05,01F0061N,01F0029N,41,127,5
2024/04/29 16:05,01F0061N,01F0029N,42,133,4
2024/04/29 16:05,01F0061N,01F0029N,5,0,0
2024/04/29 16:05,01F0017S,01F0029S,31,50,94
2024/04/29 16:05,01F0017S,01F0029S,32,52,29
2024/04/29 16:05,01F0017S,01F0029S,41,46,3
2024/04/29 16:05,01F0017S,01F0029S,42,52,2
2024/04/29 16:05,01F0017S,01F0029S,5,50,2
2024/04/29 16:05,01F0099N,01F0061N,31,246,138
2024/04/29 16:05,01F0099N,01F0061N,32,251,53
2024/04/29 16:05,01F0099N,01F0061N,41,212,8
2024/04/29 16:05,01F0099N,01F0061N,42,250,6
2024/04/29 16:05,01F0099N,01F0061N,5,260,14
2024/04/29 16:05,01F0029S,01F0061S,31,134,118
2024/04/29 16:05,01F0029S,01F0061S,32,136,47
2024/04/29 16:05,01F0029S,01F0061S,41,134,6
2024/04/29 16:05,01F0029S,01F0061S,42,149,5
2024/04/29 16:05,01F0029S,01F0061S,5,137,5
2024/04/29 16:05,01F0147N,01F0099N,31,195,74
2024/04/29 16:05,01F0147N,01F0099N,32,193,21
2024/04/29 16:05,01F0147N,01F0099N,41,191,5
2024/04/29 16:05,01F0147N,01F0099N,42,215,8
2024/04/29 16:05,01F0147N,01F0099N,5,221,7
2024/04/29 16:05,01H0174N,01F0099N,31,287,38
2024/04/29 16:05,01H0174N,01F0099N,32,299,16
2024/04/29 16:05,01H0174N,01F0099N,41,314,1
2024/04/29 16:05,01H0174N,01F0099N,42,0,0
2024/04/29 16:05,01H0174N,01F0099N,5,0,0
2024/04/29 16:05,03F0087S,01F0099N,31,0,0
2024/04/29 16:05,03F0087S,01F0099N,32,0,0
2024/04/29 16:05,03F0087S,01F0099N,41,0,0
2024/04/29 16:05,03F0087S,01F0099N,42,0,0
2024/04/29 16:05,03F0087S,01F0099N,5,0,0
2024/04/29 16:05,03F0116N,01F0099N,31,105,43
2024/04/29 16:05,03F0116N,01F0099N,32,103,18
2024/04/29 16:05,03F0116N,01F0099N,41,93,1
2024/04/29 16:05,03F0116N,01F0099N,42,109,5
2024/04/29 16:05,03F0116N,01F0099N,5,106,3
2024/04/29 16:05,01F0061S,01F0099S,31,155,158
2024/04/29 16:05,01F0061S,01F0099S,32,161,64
2024/04/29 16:05,01F0061S,01F0099S,41,170,11
2024/04/29 16:05,01F0061S,01F0099S,42,170,5
2024/04/29 16:05,01F0061S,01F0099S,5,180,11
2024/04/29 16:05,01F0153N,01F0147N,31,26,160
2024/04/29 16:05,01F0153N,01F0147N,32,26,47
2024/04/29 16:05,01F0153N,01F0147N,41,26,7
2024/04/29 16:05,01F0153N,01F0147N,42,28,19
2024/04/29 16:05,01F0153N,01F0147N,5,26,10
2024/04/29 16:05,01F0099S,01F0147S,31,192,81
2024/04/29 16:05,01F0099S,01F0147S,32,197,22
2024/04/29 16:05,01F0099S,01F0147S,41,205,4
2024/04/29 16:05,01F0099S,01F0147S,42,213,4
2024/04/29 16:05,01F0099S,01F0147S,5,231,7
2024/04/29 16:05,03F0087S,01F0147S,31,231,10
2024/04/29 16:05,03F0087S,01F0147S,32,232,6
2024/04/29 16:05,03F0087S,01F0147S,41,215,1
2024/04/29 16:05,03F0087S,01F0147S,42,234,1
2024/04/29 16:05,03F0087S,01F0147S,5,252,7
2024/04/29 16:05,03F0116N,01F0147S,31,220,33
2024/04/29 16:05,03F0116N,01F0147S,32,231,12
2024/04/29 16:05,03F0116N,01F0147S,41,0,0
2024/04/29 16:05,03F0116N,01F0147S,42,0,0
2024/04/29 16:05,03F0116N,01F0147S,5,255,4
2024/04/29 16:05,01F0213N,01F0153N,31,261,97
2024/04/29 16:05,01F0213N,01F0153N,32,251,34
2024/04/29 16:05,01F0213N,01F0153N,41,253,2
2024/04/29 16:05,01F0213N,01F0153N,42,252,15
2024/04/29 16:05,01F0213N,01F0153N,5,260,13
2024/04/29 16:05,01F0147S,01F0153S,31,24,146
2024/04/29 16:05,01F0147S,01F0153S,32,24,51
2024/04/29 16:05,01F0147S,01F0153S,41,26,5
2024/04/29 16:05,01F0147S,01F0153S,42,25,12
2024/04/29 16:05,01F0147S,01F0153S,5,26,19
2024/04/29 16:05,01F0153S,01F0182S,31,135,121
2024/04/29 16:05,01F0153S,01F0182S,32,136,48
2024/04/29 16:05,01F0153S,01F0182S,41,163,2
2024/04/29 16:05,01F0153S,01F0182S,42,146,16
2024/04/29 16:05,01F0153S,01F0182S,5,139,21
2024/04/29 16:05,01F0233N,01F0213N,31,90,97
2024/04/29 16:05,01F0233N,01F0213N,32,93,46
2024/04/29 16:05,01F0233N,01F0213N,41,0,0
2024/04/29 16:05,01F0233N,01F0213N,42,98,15
2024/04/29 16:05,01F0233N,01F0213N,5,93,15
2024/04/29 16:05,01F0256N,01F0233N,31,102,215
2024/04/29 16:05,01F0256N,01F0233N,32,105,60
2024/04/29 16:05,01F0256N,01F0233N,41,110,4
2024/04/29 16:05,01F0256N,01F0233N,42,106,15
2024/04/29 16:05,01F0256N,01F0233N,5,101,18
2024/04/29 16:05,01F0182S,01F0248S,31,331,141
2024/04/29 16:05,01F0182S,01F0248S,32,328,54
2024/04/29 16:05,01F0182S,01F0248S,41,332,4
2024/04/29 16:05,01F0182S,01F0248S,42,343,16
2024/04/29 16:05,01F0182S,01F0248S,5,342,22
2024/04/29 16:05,01F0293N,01F0256N,31,144,219
2024/04/29 16:05,01F0293N,01F0256N,32,152,61
2024/04/29 16:05,01F0293N,01F0256N,41,159,10
2024/04/29 16:05,01F0293N,01F0256N,42,159,17
2024/04/29 16:05,01F0293N,01F0256N,5,150,20
2024/04/29 16:05,01F0248S,01F0264S,31,69,212
2024/04/29 16:05,01F0248S,01F0264S,32,70,84
2024/04/29 16:05,01F0248S,01F0264S,41,65,2
2024/04/29 16:05,01F0248S,01F0264S,42,71,17
2024/04/29 16:05,01F0248S,01F0264S,5,68,23
2024/04/29 16:05,01F0340N,01F0293N,31,173,160
2024/04/29 16:05,01F0340N,01F0293N,32,175,46
2024/04/29 16:05,01F0340N,01F0293N,41,184,14
2024/04/29 16:05,01F0340N,01F0293N,42,191,8
2024/04/29 16:05,01F0340N,01F0293N,5,183,10
2024/04/29 16:05,01F0264S,01F0293S,31,111,196
2024/04/29 16:05,01F0264S,01F0293S,32,113,61
2024/04/29 16:05,01F0264S,01F0293S,41,119,9
2024/04/29 16:05,01F0264S,01F0293S,42,121,20
2024/04/29 16:05,01F0264S,01F0293S,5,121,21
2024/04/29 16:05,01F0293S,01F0339S,31,297,216
2024/04/29 16:05,01F0293S,01F0339S,32,298,65
2024/04/29 16:05,01F0293S,01F0339S,41,297,11
2024/04/29 16:05,01F0293S,01F0339S,42,329,7
2024/04/29 16:05,01F0293S,01F0339S,5,319,12
2024/04/29 16:05,01H0305S,01F0339S,31,202,86
2024/04/29 16:05,01H0305S,01F0339S,32,201,33
2024/04/29 16:05,01H0305S,01F0339S,41,193,3
2024/04/29 16:05,01H0305S,01F0339S,42,206,1
2024/04/29 16:05,01H0305S,01F0339S,5,0,0
2024/04/29 16:05,01F0376N,01F0340N,31,549,234
2024/04/29 16:05,01F0376N,01F0340N,32,572,96
2024/04/29 16:05,01F0376N,01F0340N,41,529,12
2024/04/29 16:05,01F0376N,01F0340N,42,966,21
2024/04/29 16:05,01F0376N,01F0340N,5,479,11
2024/04/29 16:05,01H0447N,01F0340N,31,509,91
2024/04/29 16:05,01H0447N,01F0340N,32,522,24
2024/04/29 16:05,01H0447N,01F0340N,41,482,5
2024/04/29 16:05,01H0447N,01F0340N,42,703,1
2024/04/29 16:05,01H0447N,01F0340N,5,0,0
2024/04/29 16:05,01F0413N,01F0376N,31,304,115
2024/04/29 16:05,01F0413N,01F0376N,32,294,65
2024/04/29 16:05,01F0413N,01F0376N,41,275,4
2024/04/29 16:05,01F0413N,01F0376N,42,276,11
2024/04/29 16:05,01F0413N,01F0376N,5,282,9
2024/04/29 16:05,01F0339S,01F0376S,31,196,317
2024/04/29 16:05,01F0339S,01F0376S,32,198,127
2024/04/29 16:05,01F0339S,01F0376S,41,213,10
2024/04/29 16:05,01F0339S,01F0376S,42,218,21
2024/04/29 16:05,01F0339S,01F0376S,5,211,12
2024/04/29 16:05,01F0467N,01F0413N,31,219,162
2024/04/29 16:05,01F0467N,01F0413N,32,220,71
2024/04/29 16:05,01F0467N,01F0413N,41,244,9
2024/04/29 16:05,01F0467N,01F0413N,42,251,8
2024/04/29 16:05,01F0467N,01F0413N,5,232,11
2024/04/29 16:05,01F0376S,01F0413S,31,165,178
2024/04/29 16:05,01F0376S,01F0413S,32,171,60
2024/04/29 16:05,01F0376S,01F0413S,41,180,7
2024/04/29 16:05,01F0376S,01F0413S,42,199,18
2024/04/29 16:05,01F0376S,01F0413S,5,227,14
2024/04/29 16:05,01F0492N,01F0467N,31,100,162
2024/04/29 16:05,01F0492N,01F0467N,32,102,110
2024/04/29 16:05,01F0492N,01F0467N,41,104,3
2024/04/29 16:05,01F0492N,01F0467N,42,104,27
2024/04/29 16:05,01F0492N,01F0467N,5,104,10
2024/04/29 16:05,01F0413S,01F0467S,31,221,197
2024/04/29 16:05,01F0413S,01F0467S,32,227,64
2024/04/29 16:05,01F0413S,01F0467S,41,235,9
2024/04/29 16:05,01F0413S,01F0467S,42,246,20
2024/04/29 16:05,01F0413S,01F0467S,5,261,8
2024/04/29 16:05,01F0511N,01F0492N,31,70,172
2024/04/29 16:05,01F0511N,01F0492N,32,71,106
2024/04/29 16:05,01F0511N,01F0492N,41,80,2
2024/04/29 16:05,01F0511N,01F0492N,42,73,24
2024/04/29 16:05,01F0511N,01F0492N,5,78,8
2024/04/29 16:05,01F0467S,01F0492S,31,93,162
2024/04/29 16:05,01F0467S,01F0492S,32,97,53
2024/04/29 16:05,01F0467S,01F0492S,41,100,2
2024/04/29 16:05,01F0467S,01F0492S,42,102,24
2024/04/29 16:05,01F0467S,01F0492S,5,100,15
2024/04/29 16:05,01F0532N,01F0511N,31,82,162
2024/04/29 16:05,01F0532N,01F0511N,32,82,81
2024/04/29 16:05,01F0532N,01F0511N,41,85,3
2024/04/29 16:05,01F0532N,01F0511N,42,88,23
2024/04/29 16:05,01F0532N,01F0511N,5,87,6
2024/04/29 16:05,03F0525S,01F0511N,31,650,15
2024/04/29 16:05,03F0525S,01F0511N,32,1921,2
2024/04/29 16:05,03F0525S,01F0511N,41,0,0
2024/04/29 16:05,03F0525S,01F0511N,42,0,0
2024/04/29 16:05,03F0525S,01F0511N,5,0,0
2024/04/29 16:05,03F0559N,01F0511N,31,612,12
2024/04/29 16:05,03F0559N,01F0511N,32,569,8
2024/04/29 16:05,03F0559N,01F0511N,41,0,0
2024/04/29 16:05,03F0559N,01F0511N,42,616,1
2024/04/29 16:05,03F0559N,01F0511N,5,0,0
2024/04/29 16:05,01F0492S,01F0511S,31,77,172
2024/04/29 16:05,01F0492S,01F0511S,32,80,66
2024/04/29 16:05,01F0492S,01F0511S,41,82,1
2024/04/29 16:05,01F0492S,01F0511S,42,92,23
2024/04/29 16:05,01F0492S,01F0511S,5,80,18
2024/04/29 16:05,01F0532S,01F0532N,31,2603,16
2024/04/29 16:05,01F0532S,01F0532N,32,1649,9
2024/04/29 16:05,01F0532S,01F0532N,41,0,0
2024/04/29 16:05,01F0532S,01F0532N,42,2862,6
2024/04/29 16:05,01F0532S,01F0532N,5,991,1
2024/04/29 16:05,01F0557N,01F0532N,31,108,218
2024/04/29 16:05,01F0557N,01F0532N,32,105,102
2024/04/29 16:05,01F0557N,01F0532N,41,112,8
2024/04/29 16:05,01F0557N,01F0532N,42,120,44
2024/04/29 16:05,01F0557N,01F0532N,5,111,15
2024/04/29 16:05,01F0511S,01F0532S,31,87,185
2024/04/29 16:05,01F0511S,01F0532S,32,88,74
2024/04/29 16:05,01F0511S,01F0532S,41,107,4
2024/04/29 16:05,01F0511S,01F0532S,42,94,20
2024/04/29 16:05,01F0511S,01F0532S,5,99,15
2024/04/29 16:05,03F0525S,01F0532S,31,644,8
2024/04/29 16:05,03F0525S,01F0532S,32,678,6
2024/04/29 16:05,03F0525S,01F0532S,41,0,0
2024/04/29 16:05,03F0525S,01F0532S,42,734,4
2024/04/29 16:05,03F0525S,01F0532S,5,0,0
2024/04/29 16:05,03F0559N,01F0532S,31,2554,3
2024/04/29 16:05,03F0559N,01F0532S,32,0,0
2024/04/29 16:05,03F0559N,01F0532S,41,0,0
2024/04/29 16:05,03F0559N,01F0532S,42,607,1
2024/04/29 16:05,03F0559N,01F0532S,5,0,0
2024/04/29 16:05,01F0584N,01F0557N,31,110,163
2024/04/29 16:05,01F0584N,01F0557N,32,113,90
2024/04/29 16:05,01F0584N,01F0557N,41,119,4
2024/04/29 16:05,01F0584N,01F0557N,42,118,38
2024/04/29 16:05,01F0584N,01F0557N,5,120,14
2024/04/29 16:05,01F0532S,01F0557S,31,107,230
2024/04/29 16:05,01F0532S,01F0557S,32,110,104
2024/04/29 16:05,01F0532S,01F0557S,41,116,8
2024/04/29 16:05,01F0532S,01F0557S,42,118,35
2024/04/29 16:05,01F0532S,01F0557S,5,115,26
2024/04/29 16:05,01F0557N,01F0557S,31,2047,14
2024/04/29 16:05,01F0557N,01F0557S,32,2675,8
2024/04/29 16:05,01F0557N,01F0557S,41,0,0
2024/04/29 16:05,01F0557N,01F0557S,42,2518,1
2024/04/29 16:05,01F0557N,01F0557S,5,2372,2
2024/04/29 16:05,01F0557S,01F0578S,31,130,145
2024/04/29 16:05,01F0557S,01F0578S,32,131,56
2024/04/29 16:05,01F0557S,01F0578S,41,175,2
2024/04/29 16:05,01F0557S,01F0578S,42,163,25
2024/04/29 16:05,01F0557S,01F0578S,5,163,21
2024/04/29 16:05,01F0633N,01F0584N,31,217,149
2024/04/29 16:05,01F0633N,01F0584N,32,222,84
2024/04/29 16:05,01F0633N,01F0584N,41,218,2
2024/04/29 16:05,01F0633N,01F0584N,42,235,34
2024/04/29 16:05,01F0633N,01F0584N,5,235,20
2024/04/29 16:05,01H0608N,01F0584N,31,108,47
2024/04/29 16:05,01H0608N,01F0584N,32,106,25
2024/04/29 16:05,01H0608N,01F0584N,41,111,1
2024/04/29 16:05,01H0608N,01F0584N,42,97,1
2024/04/29 16:05,01H0608N,01F0584N,5,0,0
2024/04/29 16:05,01F0664N,01F0633N,31,119,140
2024/04/29 16:05,01F0664N,01F0633N,32,124,63
2024/04/29 16:05,01F0664N,01F0633N,41,121,3
2024/04/29 16:05,01F0664N,01F0633N,42,133,26
2024/04/29 16:05,01F0664N,01F0633N,5,129,16
2024/04/29 16:05,01F0578S,01F0633S,31,363,111
2024/04/29 16:05,01F0578S,01F0633S,32,376,45
2024/04/29 16:05,01F0578S,01F0633S,41,442,4
2024/04/29 16:05,01F0578S,01F0633S,42,411,29
2024/04/29 16:05,01F0578S,01F0633S,5,409,24
2024/04/29 16:05,01H0579S,01F0633S,31,326,29
2024/04/29 16:05,01H0579S,01F0633S,32,339,18
2024/04/29 16:05,01H0579S,01F0633S,41,355,1
2024/04/29 16:05,01H0579S,01F0633S,42,0,0
2024/04/29 16:05,01H0579S,01F0633S,5,0,0
2024/04/29 16:05,01F0681N,01F0664N,31,65,164
2024/04/29 16:05,01F0681N,01F0664N,32,69,79
2024/04/29 16:05,01F0681N,01F0664N,41,65,1
2024/04/29 16:05,01F0681N,01F0664N,42,71,23
2024/04/29 16:05,01F0681N,01F0664N,5,75,16
2024/04/29 16:05,01F0633S,01F0664S,31,129,119
2024/04/29 16:05,01F0633S,01F0664S,32,134,43
2024/04/29 16:05,01F0633S,01F0664S,41,149,4
2024/04/29 16:05,01F0633S,01F0664S,42,159,25
2024/04/29 16:05,01F0633S,01F0664S,5,161,20
2024/04/29 16:05,01F0699N,01F0681N,31,67,101
2024/04/29 16:05,01F0699N,01F0681N,32,69,45
2024/04/29 16:05,01F0699N,01F0681N,41,1507,2
2024/04/29 16:05,01F0699N,01F0681N,42,73,18
2024/04/29 16:05,01F0699N,01F0681N,5,75,13
2024/04/29 16:05,01F0664S,01F0681S,31,64,153
2024/04/29 16:05,01F0664S,01F0681S,32,68,62
2024/04/29 16:05,01F0664S,01F0681S,41,67,1
2024/04/29 16:05,01F0664S,01F0681S,42,71,34
2024/04/29 16:05,01F0664S,01F0681S,5,72,23
2024/04/29 16:05,01F0750N,01F0699N,31,185,112
2024/04/29 16:05,01F0750N,01F0699N,32,184,49
2024/04/29 16:05,01F0750N,01F0699N,41,186,2
2024/04/29 16:05,01F0750N,01F0699N,42,201,21
2024/04/29 16:05,01F0750N,01F0699N,5,205,12
2024/04/29 16:05,01F0681S,01F0699S,31,69,82
2024/04/29 16:05,01F0681S,01F0699S,32,68,41
2024/04/29 16:05,01F0681S,01F0699S,41,0,0
2024/04/29 16:05,01F0681S,01F0699S,42,80,26
2024/04/29 16:05,01F0681S,01F0699S,5,80,18
2024/04/29 16:05,01F0880N,01F0750N,31,679,193
2024/04/29 16:05,01F0880N,01F0750N,32,691,78
2024/04/29 16:05,01F0880N,01F0750N,41,706,6
2024/04/29 16:05,01F0880N,01F0750N,42,712,23
2024/04/29 16:05,01F0880N,01F0750N,5,718,15
2024/04/29 16:05,01F0699S,01F0750S,31,186,79
2024/04/29 16:05,01F0699S,01F0750S,32,187,34
2024/04/29 16:05,01F0699S,01F0750S,41,0,0
2024/04/29 16:05,01F0699S,01F0750S,42,208,20
2024/04/29 16:05,01F0699S,01F0750S,5,220,11
2024/04/29 16:05,01H0610S,01F0750S,31,558,96
2024/04/29 16:05,01H0610S,01F0750S,32,570,38
2024/04/29 16:05,01H0610S,01F0750S,41,563,4
2024/04/29 16:05,01H0610S,01F0750S,42,570,3
2024/04/29 16:05,01H0610S,01F0750S,5,0,0
2024/04/29 16:05,01F0928N,01F0880N,31,203,224
2024/04/29 16:05,01F0928N,01F0880N,32,204,68
2024/04/29 16:05,01F0928N,01F0880N,41,210,1
2024/04/29 16:05,01F0928N,01F0880N,42,227,16
2024/04/29 16:05,01F0928N,01F0880N,5,232,4
2024/04/29 16:05,01F0750S,01F0880S,31,473,149
2024/04/29 16:05,01F0750S,01F0880S,32,475,62
2024/04/29 16:05,01F0750S,01F0880S,41,509,2
2024/04/29 16:05,01F0750S,01F0880S,42,504,15
2024/04/29 16:05,01F0750S,01F0880S,5,510,11
2024/04/29 16:05,01F0956N,01F0928N,31,330,157
2024/04/29 16:05,01F0956N,01F0928N,32,332,65
2024/04/29 16:05,01F0956N,01F0928N,41,338,4
2024/04/29 16:05,01F0956N,01F0928N,42,332,15
2024/04/29 16:05,01F0956N,01F0928N,5,334,15
2024/04/29 16:05,01F0880S,01F0928S,31,182,167
2024/04/29 16:05,01F0880S,01F0928S,32,189,60
2024/04/29 16:05,01F0880S,01F0928S,41,193,5
2024/04/29 16:05,01F0880S,01F0928S,42,197,19
2024/04/29 16:05,01F0880S,01F0928S,5,207,10
2024/04/29 16:05,01F0928S,01F0950S,31,81,135
2024/04/29 16:05,01F0928S,01F0950S,32,85,43
2024/04/29 16:05,01F0928S,01F0950S,41,98,5
2024/04/29 16:05,01F0928S,01F0950S,42,91,17
2024/04/29 16:05,01F0928S,01F0950S,5,99,8
2024/04/29 16:05,01F0979N,01F0956N,31,85,146
2024/04/29 16:05,01F0979N,01F0956N,32,87,52
2024/04/29 16:05,01F0979N,01F0956N,41,88,11
2024/04/29 16:05,01F0979N,01F0956N,42,94,12
2024/04/29 16:05,01F0979N,01F0956N,5,103,9
2024/04/29 16:05,01F1045N,01F0979N,31,235,131
2024/04/29 16:05,01F1045N,01F0979N,32,246,44
2024/04/29 16:05,01F1045N,01F0979N,41,261,7
2024/04/29 16:05,01F1045N,01F0979N,42,262,11
2024/04/29 16:05,01F1045N,01F0979N,5,275,1
2024/04/29 16:05,03F0996S,01F0979N,31,90,15
2024/04/29 16:05,03F0996S,01F0979N,32,89,4
2024/04/29 16:05,03F0996S,01F0979N,41,0,0
2024/04/29 16:05,03F0996S,01F0979N,42,88,3
2024/04/29 16:05,03F0996S,01F0979N,5,0,0
2024/04/29 16:05,03F1022N,01F0979N,31,134,83
2024/04/29 16:05,03F1022N,01F0979N,32,138,29
2024/04/29 16:05,03F1022N,01F0979N,41,131,2
2024/04/29 16:05,03F1022N,01F0979N,42,159,6
2024/04/29 16:05,03F1022N,01F0979N,5,148,6
2024/04/29 16:05,01F0950S,01F0980S,31,111,121
2024/04/29 16:05,01F0950S,01F0980S,32,116,48
2024/04/29 16:05,01F0950S,01F0980S,41,123,2
2024/04/29 16:05,01F0950S,01F0980S,42,124,14
2024/04/29 16:05,01F0950S,01F0980S,5,125,6
2024/04/29 16:05,01F1123N,01F1045N,31,274,160
2024/04/29 16:05,01F1123N,01F1045N,32,276,56
2024/04/29 16:05,01F1123N,01F1045N,41,285,8
2024/04/29 16:05,01F1123N,01F1045N,42,290,10
2024/04/29 16:05,01F1123N,01F1045N,5,360,3
2024/04/29 16:05,01F0980S,01F1045S,31,232,129
2024/04/29 16:05,01F0980S,01F1045S,32,234,47
2024/04/29 16:05,01F0980S,01F1045S,41,249,4
2024/04/29 16:05,01F0980S,01F1045S,42,246,13
2024/04/29 16:05,01F0980S,01F1045S,5,265,7
2024/04/29 16:05,03F0996S,01F1045S,31,236,36
2024/04/29 16:05,03F0996S,01F1045S,32,247,19
2024/04/29 16:05,03F0996S,01F1045S,41,0,0
2024/04/29 16:05,03F0996S,01F1045S,42,277,1
2024/04/29 16:05,03F0996S,01F1045S,5,256,3
2024/04/29 16:05,03F1022N,01F1045S,31,252,4
2024/04/29 16:05,03F1022N,01F1045S,32,1109,3
2024/04/29 16:05,03F1022N,01F1045S,41,0,0
2024/04/29 16:05,03F1022N,01F1045S,42,0,0
2024/04/29 16:05,03F1022N,01F1045S,5,0,0
2024/04/29 16:05,01F1292N,01F1123N,31,600,169
2024/04/29 16:05,01F1292N,01F1123N,32,601,34
2024/04/29 16:05,01F1292N,01F1123N,41,652,5
2024/04/29 16:05,01F1292N,01F1123N,42,688,16
2024/04/29 16:05,01F1292N,01F1123N,5,676,7
2024/04/29 16:05,01F1045S,01F1123S,31,268,101
2024/04/29 16:05,01F1045S,01F1123S,32,274,41
2024/04/29 16:05,01F1045S,01F1123S,41,282,5
2024/04/29 16:05,01F1045S,01F1123S,42,296,14
2024/04/29 16:05,01F1045S,01F1123S,5,331,2
2024/04/29 16:05,01F1389N,01F1292N,31,330,126
2024/04/29 16:05,01F1389N,01F1292N,32,341,55
2024/04/29 16:05,01F1389N,01F1292N,41,342,7
2024/04/29 16:05,01F1389N,01F1292N,42,358,15
2024/04/29 16:05,01F1389N,01F1292N,5,381,7
2024/04/29 16:05,01F1123S,01F1292S,31,593,110
2024/04/29 16:05,01F1123S,01F1292S,32,621,42
2024/04/29 16:05,01F1123S,01F1292S,41,635,4
2024/04/29 16:05,01F1123S,01F1292S,42,708,8
2024/04/29 16:05,01F1123S,01F1292S,5,748,3
2024/04/29 16:05,01F1465N,01F1389N,31,260,138
2024/04/29 16:05,01F1465N,01F1389N,32,261,56
2024/04/29 16:05,01F1465N,01F1389N,41,283,4
2024/04/29 16:05,01F1465N,01F1389N,42,281,14
2024/04/29 16:05,01F1465N,01F1389N,5,281,5
2024/04/29 16:05,01F1292S,01F1389S,31,341,112
2024/04/29 16:05,01F1292S,01F1389S,32,354,42
2024/04/29 16:05,01F1292S,01F1389S,41,0,0
2024/04/29 16:05,01F1292S,01F1389S,42,381,9
2024/04/29 16:05,01F1292S,01F1389S,5,428,5
2024/04/29 16:05,01F1572N,01F1465N,31,377,159
2024/04/29 16:05,01F1572N,01F1465N,32,387,70
2024/04/29 16:05,01F1572N,01F1465N,41,396,5
2024/04/29 16:05,01F1572N,01F1465N,42,428,16
2024/04/29 16:05,01F1572N,01F1465N,5,429,11
2024/04/29 16:05,01F1389S,01F1465S,31,261,119
2024/04/29 16:05,01F1389S,01F1465S,32,266,52
2024/04/29 16:05,01F1389S,01F1465S,41,284,6
2024/04/29 16:05,01F1389S,01F1465S,42,316,11
2024/04/29 16:05,01F1389S,01F1465S,5,332,3
2024/04/29 16:05,01F1621N,01F1572N,31,163,152
2024/04/29 16:05,01F1621N,01F1572N,32,174,46
2024/04/29 16:05,01F1621N,01F1572N,41,178,12
2024/04/29 16:05,01F1621N,01F1572N,42,186,12
2024/04/29 16:05,01F1621N,01F1572N,5,189,9
2024/04/29 16:05,01F1465S,01F1572S,31,369,108
2024/04/29 16:05,01F1465S,01F1572S,32,386,49
2024/04/29 16:05,01F1465S,01F1572S,41,393,9
2024/04/29 16:05,01F1465S,01F1572S,42,407,11
2024/04/29 16:05,01F1465S,01F1572S,5,396,2
2024/04/29 16:05,01F1664N,01F1621N,31,147,136
2024/04/29 16:05,01F1664N,01F1621N,32,148,40
2024/04/29 16:05,01F1664N,01F1621N,41,161,10
2024/04/29 16:05,01F1664N,01F1621N,42,172,7
2024/04/29 16:05,01F1664N,01F1621N,5,168,6
2024/04/29 16:05,03F1651S,01F1621N,31,0,0
2024/04/29 16:05,03F1651S,01F1621N,32,0,0
2024/04/29 16:05,03F1651S,01F1621N,41,0,0
2024/04/29 16:05,03F1651S,01F1621N,42,0,0
2024/04/29 16:05,03F1651S,01F1621N,5,3050,1
2024/04/29 16:05,03F1710N,01F1621N,31,1203,1
2024/04/29 16:05,03F1710N,01F1621N,32,554,2
2024/04/29 16:05,03F1710N,01F1621N,41,0,0
2024/04/29 16:05,03F1710N,01F1621N,42,0,0
2024/04/29 16:05,03F1710N,01F1621N,5,0,0
2024/04/29 16:05,01F1572S,01F1621S,31,169,135
2024/04/29 16:05,01F1572S,01F1621S,32,173,41
2024/04/29 16:05,01F1572S,01F1621S,41,181,4
2024/04/29 16:05,01F1572S,01F1621S,42,179,12
2024/04/29 16:05,01F1572S,01F1621S,5,0,0
2024/04/29 16:05,01F1699N,01F1664N,31,142,194
2024/04/29 16:05,01F1699N,01F1664N,32,146,70
2024/04/29 16:05,01F1699N,01F1664N,41,156,7
2024/04/29 16:05,01F1699N,01F1664N,42,156,16
2024/04/29 16:05,01F1699N,01F1664N,5,159,9
2024/04/29 16:05,01F1621S,01F1664S,31,147,125
2024/04/29 16:05,01F1621S,01F1664S,32,152,37
2024/04/29 16:05,01F1621S,01F1664S,41,160,3
2024/04/29 16:05,01F1621S,01F1664S,42,161,11
2024/04/29 16:05,01F1621S,01F1664S,5,171,6
2024/04/29 16:05,03F1651S,01F1664S,31,532,20
2024/04/29 16:05,03F1651S,01F1664S,32,559,7
2024/04/29 16:05,03F1651S,01F1664S,41,0,0
2024/04/29 16:05,03F1651S,01F1664S,42,649,1
2024/04/29 16:05,03F1651S,01F1664S,5,0,0
2024/04/29 16:05,03F1710N,01F1664S,31,473,6
2024/04/29 16:05,03F1710N,01F1664S,32,534,3
2024/04/29 16:05,03F1710N,01F1664S,41,0,0
2024/04/29 16:05,03F1710N,01F1664S,42,2170,1
2024/04/29 16:05,03F1710N,01F1664S,5,0,0
2024/04/29 16:05,01F1774N,01F1699N,31,278,196
2024/04/29 16:05,01F1774N,01F1699N,32,280,66
2024/04/29 16:05,01F1774N,01F1699N,41,296,9
2024/04/29 16:05,01F1774N,01F1699N,42,302,25
2024/04/29 16:05,01F1774N,01F1699N,5,306,5
2024/04/29 16:05,01F1664S,01F1699S,31,481,122
2024/04/29 16:05,01F1664S,01F1699S,32,480,48
2024/04/29 16:05,01F1664S,01F1699S,41,471,6
2024/04/29 16:05,01F1664S,01F1699S,42,462,7
2024/04/29 16:05,01F1664S,01F1699S,5,497,3
2024/04/29 16:05,01F1802N,01F1774N,31,98,156
2024/04/29 16:05,01F1802N,01F1774N,32,100,54
2024/04/29 16:05,01F1802N,01F1774N,41,103,4
2024/04/29 16:05,01F1802N,01F1774N,42,107,13
2024/04/29 16:05,01F1802N,01F1774N,5,111,6
2024/04/29 16:05,01F1699S,01F1774S,31,546,92
2024/04/29 16:05,01F1699S,01F1774S,32,538,46
2024/04/29 16:05,01F1699S,01F1774S,41,704,4
2024/04/29 16:05,01F1699S,01F1774S,42,723,9
2024/04/29 16:05,01F1699S,01F1774S,5,724,2
2024/04/29 16:05,01F1839N,01F1802N,31,127,127
2024/04/29 16:05,01F1839N,01F1802N,32,136,61
2024/04/29 16:05,01F1839N,01F1802N,41,138,5
2024/04/29 16:05,01F1839N,01F1802N,42,143,19
2024/04/29 16:05,01F1839N,01F1802N,5,153,7
2024/04/29 16:05,01F1774S,01F1802S,31,95,102
2024/04/29 16:05,01F1774S,01F1802S,32,93,44
2024/04/29 16:05,01F1774S,01F1802S,41,102,5
2024/04/29 16:05,01F1774S,01F1802S,42,104,12
2024/04/29 16:05,01F1774S,01F1802S,5,112,9
2024/04/29 16:05,01F1906N,01F1839N,31,251,169
2024/04/29 16:05,01F1906N,01F1839N,32,256,74
2024/04/29 16:05,01F1906N,01F1839N,41,254,3
2024/04/29 16:05,01F1906N,01F1839N,42,279,22
2024/04/29 16:05,01F1906N,01F1839N,5,307,6
2024/04/29 16:05,01F1802S,01F1839S,31,124,102
2024/04/29 16:05,01F1802S,01F1839S,32,126,36
2024/04/29 16:05,01F1802S,01F1839S,41,129,4
2024/04/29 16:05,01F1802S,01F1839S,42,138,14
2024/04/29 16:05,01F1802S,01F1839S,5,142,5
2024/04/29 16:05,01F1960N,01F1906N,31,187,160
2024/04/29 16:05,01F1960N,01F1906N,32,194,70
2024/04/29 16:05,01F1960N,01F1906N,41,208,8
2024/04/29 16:05,01F1960N,01F1906N,42,215,17
2024/04/29 16:05,01F1960N,01F1906N,5,225,3
2024/04/29 16:05,03F1944S,01F1906N,31,226,10
2024/04/29 16:05,03F1944S,01F1906N,32,245,6
2024/04/29 16:05,03F1944S,01F1906N,41,0,0
2024/04/29 16:05,03F1944S,01F1906N,42,219,1
2024/04/29 16:05,03F1944S,01F1906N,5,0,0
2024/04/29 16:05,03F1992N,01F1906N,31,253,14
2024/04/29 16:05,03F1992N,01F1906N,32,245,4
2024/04/29 16:05,03F1992N,01F1906N,41,0,0
2024/04/29 16:05,03F1992N,01F1906N,42,253,1
2024/04/29 16:05,03F1992N,01F1906N,5,271,3
2024/04/29 16:05,01F1839S,01F1906S,31,224,114
2024/04/29 16:05,01F1839S,01F1906S,32,241,56
2024/04/29 16:05,01F1839S,01F1906S,41,249,3
2024/04/29 16:05,01F1839S,01F1906S,42,263,4
2024/04/29 16:05,01F1839S,01F1906S,5,288,1
2024/04/29 16:05,01F2011N,01F1960N,31,194,204
2024/04/29 16:05,01F2011N,01F1960N,32,192,88
2024/04/29 16:05,01F2011N,01F1960N,41,202,2
2024/04/29 16:05,01F2011N,01F1960N,42,205,37
2024/04/29 16:05,01F2011N,01F1960N,5,218,18
2024/04/29 16:05,01F1906S,01F1960S,31,178,105
2024/04/29 16:05,01F1906S,01F1960S,32,180,53
2024/04/29 16:05,01F1906S,01F1960S,41,190,2
2024/04/29 16:05,01F1906S,01F1960S,42,199,10
2024/04/29 16:05,01F1906S,01F1960S,5,225,5
2024/04/29 16:05,03F1944S,01F1960S,31,263,50
2024/04/29 16:05,03F1944S,01F1960S,32,274,24
2024/04/29 16:05,03F1944S,01F1960S,41,0,0
2024/04/29 16:05,03F1944S,01F1960S,42,278,8
2024/04/29 16:05,03F1944S,01F1960S,5,281,23
2024/04/29 16:05,03F1992N,01F1960S,31,279,29
2024/04/29 16:05,03F1992N,01F1960S,32,287,21
2024/04/29 16:05,03F1992N,01F1960S,41,297,1
2024/04/29 16:05,03F1992N,01F1960S,42,311,6
2024/04/29 16:05,03F1992N,01F1960S,5,294,4
2024/04/29 16:05,01F2089N,01F2011N,31,279,200
2024/04/29 16:05,01F2089N,01F2011N,32,276,87
2024/04/29 16:05,01F2089N,01F2011N,41,291,4
2024/04/29 16:05,01F2089N,01F2011N,42,306,19
2024/04/29 16:05,01F2089N,01F2011N,5,314,10
2024/04/29 16:05,01F1960S,01F2011S,31,172,139
2024/04/29 16:05,01F1960S,01F2011S,32,182,46
2024/04/29 16:05,01F1960S,01F2011S,41,190,4
2024/04/29 16:05,01F1960S,01F2011S,42,194,28
2024/04/29 16:05,01F1960S,01F2011S,5,212,26
2024/04/29 16:05,01F2156N,01F2089N,31,236,199
2024/04/29 16:05,01F2156N,01F2089N,32,240,78
2024/04/29 16:05,01F2156N,01F2089N,41,253,6
2024/04/29 16:05,01F2156N,01F2089N,42,257,21
2024/04/29 16:05,01F2156N,01F2089N,5,277,20
2024/04/29 16:05,01F2011S,01F2089S,31,271,133
2024/04/29 16:05,01F2011S,01F2089S,32,279,47
2024/04/29 16:05,01F2011S,01F2089S,41,287,10
2024/04/29 16:05,01F2011S,01F2089S,42,297,18
2024/04/29 16:05,01F2011S,01F2089S,5,319,20
2024/04/29 16:05,01F2249N,01F2156N,31,315,152
2024/04/29 16:05,01F2249N,01F2156N,32,317,80
2024/04/29 16:05,01F2249N,01F2156N,41,332,2
2024/04/29 16:05,01F2249N,01F2156N,42,353,15
2024/04/29 16:05,01F2249N,01F2156N,5,367,15
2024/04/29 16:05,01F2089S,01F2156S,31,232,150
2024/04/29 16:05,01F2089S,01F2156S,32,240,58
2024/04/29 16:05,01F2089S,01F2156S,41,260,7
2024/04/29 16:05,01F2089S,01F2156S,42,265,20
2024/04/29 16:05,01F2089S,01F2156S,5,282,26
2024/04/29 16:05,01F2322N,01F2249N,31,254,149
2024/04/29 16:05,01F2322N,01F2249N,32,258,75
2024/04/29 16:05,01F2322N,01F2249N,41,641,2
2024/04/29 16:05,01F2322N,01F2249N,42,274,13
2024/04/29 16:05,01F2322N,01F2249N,5,295,16
2024/04/29 16:05,01F2156S,01F2249S,31,309,126
2024/04/29 16:05,01F2156S,01F2249S,32,314,52
2024/04/29 16:05,01F2156S,01F2249S,41,344,2
2024/04/29 16:05,01F2156S,01F2249S,42,343,26
2024/04/29 16:05,01F2156S,01F2249S,5,384,24
2024/04/29 16:05,01F2394N,01F2322N,31,244,134
2024/04/29 16:05,01F2394N,01F2322N,32,244,59
2024/04/29 16:05,01F2394N,01F2322N,41,264,6
2024/04/29 16:05,01F2394N,01F2322N,42,271,22
2024/04/29 16:05,01F2394N,01F2322N,5,294,14
2024/04/29 16:05,01F2249S,01F2322S,31,249,112
2024/04/29 16:05,01F2249S,01F2322S,32,250,48
2024/04/29 16:05,01F2249S,01F2322S,41,274,3
2024/04/29 16:05,01F2249S,01F2322S,42,306,12
2024/04/29 16:05,01F2249S,01F2322S,5,297,16
2024/04/29 16:05,01F2425N,01F2394N,31,104,131
2024/04/29 16:05,01F2425N,01F2394N,32,105,54
2024/04/29 16:05,01F2425N,01F2394N,41,113,4
2024/04/29 16:05,01F2425N,01F2394N,42,114,32
2024/04/29 16:05,01F2425N,01F2394N,5,123,23
2024/04/29 16:05,01F2322S,01F2394S,31,241,143
2024/04/29 16:05,01F2322S,01F2394S,32,248,62
2024/04/29 16:05,01F2322S,01F2394S,41,261,6
2024/04/29 16:05,01F2322S,01F2394S,42,271,31
2024/04/29 16:05,01F2322S,01F2394S,5,286,11
2024/04/29 16:05,01F2472N,01F2425N,31,158,133
2024/04/29 16:05,01F2472N,01F2425N,32,160,46
2024/04/29 16:05,01F2472N,01F2425N,41,175,4
2024/04/29 16:05,01F2472N,01F2425N,42,176,23
2024/04/29 16:05,01F2472N,01F2425N,5,195,16
2024/04/29 16:05,01F2394S,01F2425S,31,101,123
2024/04/29 16:05,01F2394S,01F2425S,32,102,51
2024/04/29 16:05,01F2394S,01F2425S,41,112,4
2024/04/29 16:05,01F2394S,01F2425S,42,117,33
2024/04/29 16:05,01F2394S,01F2425S,5,127,12
2024/04/29 16:05,01F2514N,01F2472N,31,143,146
2024/04/29 16:05,01F2514N,01F2472N,32,142,56
2024/04/29 16:05,01F2514N,01F2472N,41,161,3
2024/04/29 16:05,01F2514N,01F2472N,42,161,17
2024/04/29 16:05,01F2514N,01F2472N,5,173,15
2024/04/29 16:05,01F2425S,01F2472S,31,152,102
2024/04/29 16:05,01F2425S,01F2472S,32,154,33
2024/04/29 16:05,01F2425S,01F2472S,41,173,4
2024/04/29 16:05,01F2425S,01F2472S,42,170,14
2024/04/29 16:05,01F2425S,01F2472S,5,184,14
2024/04/29 16:05,01F2603N,01F2514N,31,297,133
2024/04/29 16:05,01F2603N,01F2514N,32,300,50
2024/04/29 16:05,01F2603N,01F2514N,41,0,0
2024/04/29 16:05,01F2603N,01F2514N,42,333,19
2024/04/29 16:05,01F2603N,01F2514N,5,371,14
2024/04/29 16:05,01F2472S,01F2514S,31,141,121
2024/04/29 16:05,01F2472S,01F2514S,32,144,44
2024/04/29 16:05,01F2472S,01F2514S,41,156,4
2024/04/29 16:05,01F2472S,01F2514S,42,164,22
2024/04/29 16:05,01F2472S,01F2514S,5,169,17
2024/04/29 16:05,01F2674N,01F2603N,31,241,114
2024/04/29 16:05,01F2674N,01F2603N,32,240,39
2024/04/29 16:05,01F2674N,01F2603N,41,275,3
2024/04/29 16:05,01F2674N,01F2603N,42,269,13
2024/04/29 16:05,01F2674N,01F2603N,5,295,21
2024/04/29 16:05,01F2514S,01F2603S,31,297,105
2024/04/29 16:05,01F2514S,01F2603S,32,301,40
2024/04/29 16:05,01F2514S,01F2603S,41,327,5
2024/04/29 16:05,01F2514S,01F2603S,42,332,20
2024/04/29 16:05,01F2514S,01F2603S,5,358,10
2024/04/29 16:05,01F2714N,01F2674N,31,135,135
2024/04/29 16:05,01F2714N,01F2674N,32,140,47
2024/04/29 16:05,01F2714N,01F2674N,41,166,4
2024/04/29 16:05,01F2714N,01F2674N,42,158,30
2024/04/29 16:05,01F2714N,01F2674N,5,162,20
2024/04/29 16:05,01F2603S,01F2674S,31,237,102
2024/04/29 16:05,01F2603S,01F2674S,32,236,37
2024/04/29 16:05,01F2603S,01F2674S,41,261,4
2024/04/29 16:05,01F2603S,01F2674S,42,257,17
2024/04/29 16:05,01F2603S,01F2674S,5,275,12
2024/04/29 16:05,01F2827N,01F2714N,31,377,110
2024/04/29 16:05,01F2827N,01F2714N,32,378,39
2024/04/29 16:05,01F2827N,01F2714N,41,399,3
2024/04/29 16:05,01F2827N,01F2714N,42,431,25
2024/04/29 16:05,01F2827N,01F2714N,5,442,22
2024/04/29 16:05,01F2674S,01F2714S,31,134,107
2024/04/29 16:05,01F2674S,01F2714S,32,134,46
2024/04/29 16:05,01F2674S,01F2714S,41,146,3
2024/04/29 16:05,01F2674S,01F2714S,42,146,27
2024/04/29 16:05,01F2674S,01F2714S,5,156,13
2024/04/29 16:05,01F2866N,01F2827N,31,128,119
2024/04/29 16:05,01F2866N,01F2827N,32,135,58
2024/04/29 16:05,01F2866N,01F2827N,41,709,9
2024/04/29 16:05,01F2866N,01F2827N,42,152,21
2024/04/29 16:05,01F2866N,01F2827N,5,157,23
2024/04/29 16:05,01F2714S,01F2827S,31,379,104
2024/04/29 16:05,01F2714S,01F2827S,32,382,40
2024/04/29 16:05,01F2714S,01F2827S,41,527,2
2024/04/29 16:05,01F2714S,01F2827S,42,451,16
2024/04/29 16:05,01F2714S,01F2827S,5,459,16
2024/04/29 16:05,01F2930N,01F2866N,31,213,119
2024/04/29 16:05,01F2930N,01F2866N,32,221,44
2024/04/29 16:05,01F2930N,01F2866N,41,237,3
2024/04/29 16:05,01F2930N,01F2866N,42,244,27
2024/04/29 16:05,01F2930N,01F2866N,5,270,21
2024/04/29 16:05,01F2827S,01F2866S,31,132,124
2024/04/29 16:05,01F2827S,01F2866S,32,135,35
2024/04/29 16:05,01F2827S,01F2866S,41,0,0
2024/04/29 16:05,01F2827S,01F2866S,42,147,24
2024/04/29 16:05,01F2827S,01F2866S,5,157,17
2024/04/29 16:05,01F3019N,01F2930N,31,302,146
2024/04/29 16:05,01F3019N,01F2930N,32,313,43
2024/04/29 16:05,01F3019N,01F2930N,41,331,2
2024/04/29 16:05,01F3019N,01F2930N,42,342,23
2024/04/29 16:05,01F3019N,01F2930N,5,354,23
2024/04/29 16:05,01F2866S,01F2930S,31,212,110
2024/04/29 16:05,01F2866S,01F2930S,32,208,42
2024/04/29 16:05,01F2866S,01F2930S,41,229,2
2024/04/29 16:05,01F2866S,01F2930S,42,255,19
2024/04/29 16:05,01F2866S,01F2930S,5,261,18
2024/04/29 16:05,01F3083N,01F3019N,31,216,150
2024/04/29 16:05,01F3083N,01F3019N,32,231,54
2024/04/29 16:05,01F3083N,01F3019N,41,253,6
2024/04/29 16:05,01F3083N,01F3019N,42,245,23
2024/04/29 16:05,01F3083N,01F3019N,5,272,27
2024/04/29 16:05,01F2930S,01F3019S,31,303,110
2024/04/29 16:05,01F2930S,01F3019S,32,305,64
2024/04/29 16:05,01F2930S,01F3019S,41,331,2
2024/04/29 16:05,01F2930S,01F3019S,42,358,14
2024/04/29 16:05,01F2930S,01F3019S,5,361,23
2024/04/29 16:05,01F3126N,01F3083N,31,150,155
2024/04/29 16:05,01F3126N,01F3083N,32,151,45
2024/04/29 16:05,01F3126N,01F3083N,41,156,4
2024/04/29 16:05,01F3126N,01F3083N,42,167,27
2024/04/29 16:05,01F3126N,01F3083N,5,187,23
2024/04/29 16:05,01F3019S,01F3083S,31,222,146
2024/04/29 16:05,01F3019S,01F3083S,32,225,68
2024/04/29 16:05,01F3019S,01F3083S,41,230,3
2024/04/29 16:05,01F3019S,01F3083S,42,251,15
2024/04/29 16:05,01F3019S,01F3083S,5,256,18
2024/04/29 16:05,01F3185N,01F3126N,31,205,123
2024/04/29 16:05,01F3185N,01F3126N,32,205,54
2024/04/29 16:05,01F3185N,01F3126N,41,224,1
2024/04/29 16:05,01F3185N,01F3126N,42,232,21
2024/04/29 16:05,01F3185N,01F3126N,5,246,23
2024/04/29 16:05,03F3445S,01F3126N,31,0,0
2024/04/29 16:05,03F3445S,01F3126N,32,2333,1
2024/04/29 16:05,03F3445S,01F3126N,41,0,0
2024/04/29 16:05,03F3445S,01F3126N,42,0,0
2024/04/29 16:05,03F3445S,01F3126N,5,0,0
2024/04/29 16:05,03F3496N,01F3126N,31,522,9
2024/04/29 16:05,03F3496N,01F3126N,32,545,2
2024/04/29 16:05,03F3496N,01F3126N,41,536,1
2024/04/29 16:05,03F3496N,01F3126N,42,581,1
2024/04/29 16:05,03F3496N,01F3126N,5,0,0
2024/04/29 16:05,01F3083S,01F3126S,31,149,172
2024/04/29 16:05,01F3083S,01F3126S,32,152,74
2024/04/29 16:05,01F3083S,01F3126S,41,158,4
2024/04/29 16:05,01F3083S,01F3126S,42,180,21
2024/04/29 16:05,01F3083S,01F3126S,5,175,19
2024/04/29 16:05,01F3227N,01F3185N,31,145,139
2024/04/29 16:05,01F3227N,01F3185N,32,148,45
2024/04/29 16:05,01F3227N,01F3185N,41,165,4
2024/04/29 16:05,01F3227N,01F3185N,42,181,17
2024/04/29 16:05,01F3227N,01F3185N,5,176,16
2024/04/29 16:05,01F3126S,01F3185S,31,212,131
2024/04/29 16:05,01F3126S,01F3185S,32,216,58
2024/04/29 16:05,01F3126S,01F3185S,41,235,4
2024/04/29 16:05,01F3126S,01F3185S,42,237,17
2024/04/29 16:05,01F3126S,01F3185S,5,253,22
2024/04/29 16:05,03F3445S,01F3185S,31,568,12
2024/04/29 16:05,03F3445S,01F3185S,32,568,3
2024/04/29 16:05,03F3445S,01F3185S,41,0,0
2024/04/29 16:05,03F3445S,01F3185S,42,653,1
2024/04/29 16:05,03F3445S,01F3185S,5,0,0
2024/04/29 16:05,03F3496N,01F3185S,31,621,2
2024/04/29 16:05,03F3496N,01F3185S,32,0,0
2024/04/29 16:05,03F3496N,01F3185S,41,0,0
2024/04/29 16:05,03F3496N,01F3185S,42,0,0
2024/04/29 16:05,03F3496N,01F3185S,5,726,1
2024/04/29 16:05,01F3252N,01F3227N,31,92,146
2024/04/29 16:05,01F3252N,01F3227N,32,95,51
2024/04/29 16:05,01F3252N,01F3227N,41,103,3
2024/04/29 16:05,01F3252N,01F3227N,42,107,22
2024/04/29 16:05,01F3252N,01F3227N,5,107,23
2024/04/29 16:05,01F3185S,01F3227S,31,170,189
2024/04/29 16:05,01F3185S,01F3227S,32,172,73
2024/04/29 16:05,01F3185S,01F3227S,41,176,4
2024/04/29 16:05,01F3185S,01F3227S,42,186,25
2024/04/29 16:05,01F3185S,01F3227S,5,184,32
2024/04/29 16:05,01F3286N,01F3252N,31,119,107
2024/04/29 16:05,01F3286N,01F3252N,32,128,37
2024/04/29 16:05,01F3286N,01F3252N,41,126,3
2024/04/29 16:05,01F3286N,01F3252N,42,142,15
2024/04/29 16:05,01F3286N,01F3252N,5,144,23
2024/04/29 16:05,01F3227S,01F3252S,31,94,203
2024/04/29 16:05,01F3227S,01F3252S,32,96,85
2024/04/29 16:05,01F3227S,01F3252S,41,99,2
2024/04/29 16:05,01F3227S,01F3252S,42,98,22
2024/04/29 16:05,01F3227S,01F3252S,5,103,37
2024/04/29 16:05,01F3366N,01F3286N,31,299,130
2024/04/29 16:05,01F3366N,01F3286N,32,310,52
2024/04/29 16:05,01F3366N,01F3286N,41,1183,2
2024/04/29 16:05,01F3366N,01F3286N,42,366,13
2024/04/29 16:05,01F3366N,01F3286N,5,345,20
2024/04/29 16:05,01F3252S,01F3286S,31,121,145
2024/04/29 16:05,01F3252S,01F3286S,32,127,63
2024/04/29 16:05,01F3252S,01F3286S,41,134,2
2024/04/29 16:05,01F3252S,01F3286S,42,137,20
2024/04/29 16:05,01F3252S,01F3286S,5,142,42
2024/04/29 16:05,01F3398N,01F3366N,31,129,170
2024/04/29 16:05,01F3398N,01F3366N,32,128,83
2024/04/29 16:05,01F3398N,01F3366N,41,128,4
2024/04/29 16:05,01F3398N,01F3366N,42,131,31
2024/04/29 16:05,01F3398N,01F3366N,5,132,32
2024/04/29 16:05,01F3286S,01F3366S,31,312,129
2024/04/29 16:05,01F3286S,01F3366S,32,330,58
2024/04/29 16:05,01F3286S,01F3366S,41,359,5
2024/04/29 16:05,01F3286S,01F3366S,42,338,22
2024/04/29 16:05,01F3286S,01F3366S,5,345,29
2024/04/29 16:05,01F3460N,01F3398N,31,256,212
2024/04/29 16:05,01F3460N,01F3398N,32,255,90
2024/04/29 16:05,01F3460N,01F3398N,41,266,1
2024/04/29 16:05,01F3460N,01F3398N,42,268,27
2024/04/29 16:05,01F3460N,01F3398N,5,278,25
2024/04/29 16:05,01F3366S,01F3398S,31,112,162
2024/04/29 16:05,01F3366S,01F3398S,32,113,65
2024/04/29 16:05,01F3366S,01F3398S,41,119,3
2024/04/29 16:05,01F3366S,01F3398S,42,124,24
2024/04/29 16:05,01F3366S,01F3398S,5,130,34
2024/04/29 16:05,01F3535N,01F3460N,31,297,195
2024/04/29 16:05,01F3535N,01F3460N,32,304,70
2024/04/29 16:05,01F3535N,01F3460N,41,834,2
2024/04/29 16:05,01F3535N,01F3460N,42,325,25
2024/04/29 16:05,01F3535N,01F3460N,5,335,37
2024/04/29 16:05,01F3398S,01F3460S,31,233,192
2024/04/29 16:05,01F3398S,01F3460S,32,237,64
2024/04/29 16:05,01F3398S,01F3460S,41,244,5
2024/04/29 16:05,01F3398S,01F3460S,42,253,22
2024/04/29 16:05,01F3398S,01F3460S,5,270,36
2024/04/29 16:05,01F3559N,01F3535N,31,90,178
2024/04/29 16:05,01F3559N,01F3535N,32,92,61
2024/04/29 16:05,01F3559N,01F3535N,41,97,3
2024/04/29 16:05,01F3559N,01F3535N,42,102,19
2024/04/29 16:05,01F3559N,01F3535N,5,102,20
2024/04/29 16:05,01F3460S,01F3535S,31,314,185
2024/04/29 16:05,01F3460S,01F3535S,32,326,80
2024/04/29 16:05,01F3460S,01F3535S,41,349,5
2024/04/29 16:05,01F3460S,01F3535S,42,349,23
2024/04/29 16:05,01F3460S,01F3535S,5,349,29
2024/04/29 16:05,01F3590N,01F3559N,31,124,170
2024/04/29 16:05,01F3590N,01F3559N,32,126,55
2024/04/29 16:05,01F3590N,01F3559N,41,141,1
2024/04/29 16:05,01F3590N,01F3559N,42,135,21
2024/04/29 16:05,01F3590N,01F3559N,5,133,28
2024/04/29 16:05,01F3535S,01F3561S,31,110,157
2024/04/29 16:05,01F3535S,01F3561S,32,113,59
2024/04/29 16:05,01F3535S,01F3561S,41,114,5
2024/04/29 16:05,01F3535S,01F3561S,42,133,8
2024/04/29 16:05,01F3535S,01F3561S,5,123,32
2024/04/29 16:05,01F3640N,01F3590N,31,195,151
2024/04/29 16:05,01F3640N,01F3590N,32,197,68
2024/04/29 16:05,01F3640N,01F3590N,41,200,2
2024/04/29 16:05,01F3640N,01F3590N,42,206,16
2024/04/29 16:05,01F3640N,01F3590N,5,212,34
2024/04/29 16:05,03F3743S,01F3590N,31,0,0
2024/04/29 16:05,03F3743S,01F3590N,32,0,0
2024/04/29 16:05,03F3743S,01F3590N,41,0,0
2024/04/29 16:05,03F3743S,01F3590N,42,0,0
2024/04/29 16:05,03F3743S,01F3590N,5,0,0
2024/04/29 16:05,03F3854N,01F3590N,31,0,0
2024/04/29 16:05,03F3854N,01F3590N,32,0,0
2024/04/29 16:05,03F3854N,01F3590N,41,0,0
2024/04/29 16:05,03F3854N,01F3590N,42,1110,1
2024/04/29 16:05,03F3854N,01F3590N,5,0,0
2024/04/29 16:05,01F3561S,01F3590S,31,124,183
2024/04/29 16:05,01F3561S,01F3590S,32,126,85
2024/04/29 16:05,01F3561S,01F3590S,41,115,3
2024/04/29 16:05,01F3561S,01F3590S,42,135,14
2024/04/29 16:05,01F3561S,01F3590S,5,135,47
2024/04/29 16:05,01F3676N,01F3640N,31,149,176
2024/04/29 16:05,01F3676N,01F3640N,32,148,91
2024/04/29 16:05,01F3676N,01F3640N,41,0,0
2024/04/29 16:05,01F3676N,01F3640N,42,152,15
2024/04/29 16:05,01F3676N,01F3640N,5,159,47
2024/04/29 16:05,01F3590S,01F3640S,31,212,187
2024/04/29 16:05,01F3590S,01F3640S,32,213,84
2024/04/29 16:05,01F3590S,01F3640S,41,228,2
2024/04/29 16:05,01F3590S,01F3640S,42,227,18
2024/04/29 16:05,01F3590S,01F3640S,5,227,54
2024/04/29 16:05,03F3743S,01F3640S,31,1135,13
2024/04/29 16:05,03F3743S,01F3640S,32,1193,2
2024/04/29 16:05,03F3743S,01F3640S,41,0,0
2024/04/29 16:05,03F3743S,01F3640S,42,1121,1
2024/04/29 16:05,03F3743S,01F3640S,5,1337,4
2024/04/29 16:05,03F3854N,01F3640S,31,1402,6
2024/04/29 16:05,03F3854N,01F3640S,32,1021,3
2024/04/29 16:05,03F3854N,01F3640S,41,0,0
2024/04/29 16:05,03F3854N,01F3640S,42,1100,1
2024/04/29 16:05,03F3854N,01F3640S,5,0,0
2024/04/29 16:05,01F3696N,01F3676N,31,83,160
2024/04/29 16:05,01F3696N,01F3676N,32,87,73
2024/04/29 16:05,01F3696N,01F3676N,41,112,1
2024/04/29 16:05,01F3696N,01F3676N,42,92,19
2024/04/29 16:05,01F3696N,01F3676N,5,95,48
2024/04/29 16:05,01F3640S,01F3676S,31,144,152
2024/04/29 16:05,01F3640S,01F3676S,32,138,87
2024/04/29 16:05,01F3640S,01F3676S,41,153,1
2024/04/29 16:05,01F3640S,01F3676S,42,166,18
2024/04/29 16:05,01F3640S,01F3676S,5,158,58
2024/04/29 16:05,01F3676S,01F3686S,31,40,169
2024/04/29 16:05,01F3676S,01F3686S,32,43,94
2024/04/29 16:05,01F3676S,01F3686S,41,44,2
2024/04/29 16:05,01F3676S,01F3686S,42,45,24
2024/04/29 16:05,01F3676S,01F3686S,5,45,60
2024/04/29 16:05,01F3736N,01F3696N,31,174,15
2024/04/29 16:05,01F3736N,01F3696N,32,172,6
2024/04/29 16:05,01F3736N,01F3696N,41,0,0
2024/04/29 16:05,01F3736N,01F3696N,42,200,5
2024/04/29 16:05,01F3736N,01F3696N,5,198,19
2024/04/29 16:05,01F3686S,01F3736S,31,210,8
2024/04/29 16:05,01F3686S,01F3736S,32,197,7
2024/04/29 16:05,01F3686S,01F3736S,41,0,0
2024/04/29 16:05,01F3686S,01F3736S,42,0,0
2024/04/29 16:05,01F3686S,01F3736S,5,233,22
2024/04/29 16:05,01F0099S,01H0163S,31,249,37
2024/04/29 16:05,01F0099S,01H0163S,32,246,18
2024/04/29 16:05,01F0099S,01H0163S,41,265,1
2024/04/29 16:05,01F0099S,01H0163S,42,0,0
2024/04/29 16:05,01F0099S,01H0163S,5,0,0
2024/04/29 16:05,03F0087S,01H0163S,31,288,7
2024/04/29 16:05,03F0087S,01H0163S,32,279,4
2024/04/29 16:05,03F0087S,01H0163S,41,0,0
2024/04/29 16:05,03F0087S,01H0163S,42,0,0
2024/04/29 16:05,03F0087S,01H0163S,5,0,0
2024/04/29 16:05,03F0116N,01H0163S,31,273,24
2024/04/29 16:05,03F0116N,01H0163S,32,274,14
2024/04/29 16:05,03F0116N,01H0163S,41,0,0
2024/04/29 16:05,03F0116N,01H0163S,42,0,0
2024/04/29 16:05,03F0116N,01H0163S,5,0,0
2024/04/29 16:05,01H0200N,01H0174N,31,98,71
2024/04/29 16:05,01H0200N,01H0174N,32,102,33
2024/04/29 16:05,01H0200N,01H0174N,41,110,1
2024/04/29 16:05,01H0200N,01H0174N,42,0,0
2024/04/29 16:05,01H0200N,01H0174N,5,0,0
2024/04/29 16:05,01H0208N,01H0200N,31,31,144
2024/04/29 16:05,01H0208N,01H0200N,32,30,74
2024/04/29 16:05,01H0208N,01H0200N,41,0,0
2024/04/29 16:05,01H0208N,01H0200N,42,34,1
2024/04/29 16:05,01H0208N,01H0200N,5,0,0
2024/04/29 16:05,01H0163S,01H0206S,31,244,62
2024/04/29 16:05,01H0163S,01H0206S,32,250,25
2024/04/29 16:05,01H0163S,01H0206S,41,254,2
2024/04/29 16:05,01H0163S,01H0206S,42,0,0
2024/04/29 16:05,01H0163S,01H0206S,5,0,0
2024/04/29 16:05,01H0271N,01H0208N,31,240,161
2024/04/29 16:05,01H0271N,01H0208N,32,242,86
2024/04/29 16:05,01H0271N,01H0208N,41,0,0
2024/04/29 16:05,01H0271N,01H0208N,42,239,1
2024/04/29 16:05,01H0271N,01H0208N,5,0,0
2024/04/29 16:05,01F0340N,01H0271N,31,268,69
2024/04/29 16:05,01F0340N,01H0271N,32,262,23
2024/04/29 16:05,01F0340N,01H0271N,41,280,2
2024/04/29 16:05,01F0340N,01H0271N,42,288,1
2024/04/29 16:05,01F0340N,01H0271N,5,0,0
2024/04/29 16:05,01H0333N,01H0271N,31,243,95
2024/04/29 16:05,01H0333N,01H0271N,32,240,32
2024/04/29 16:05,01H0333N,01H0271N,41,250,2
2024/04/29 16:05,01H0333N,01H0271N,42,0,0
2024/04/29 16:05,01H0333N,01H0271N,5,0,0
2024/04/29 16:05,01H0206S,01H0305S,31,704,193
2024/04/29 16:05,01H0206S,01H0305S,32,705,78
2024/04/29 16:05,01H0206S,01H0305S,41,721,3
2024/04/29 16:05,01H0206S,01H0305S,42,744,1
2024/04/29 16:05,01H0206S,01H0305S,5,0,0
2024/04/29 16:05,01H0447N,01H0333N,31,434,101
2024/04/29 16:05,01H0447N,01H0333N,32,441,27
2024/04/29 16:05,01H0447N,01H0333N,41,453,1
2024/04/29 16:05,01H0447N,01H0333N,42,0,0
2024/04/29 16:05,01H0447N,01H0333N,5,0,0
2024/04/29 16:05,01H0305S,01H0334S,31,120,65
2024/04/29 16:05,01H0305S,01H0334S,32,118,26
2024/04/29 16:05,01H0305S,01H0334S,41,127,1
2024/04/29 16:05,01H0305S,01H0334S,42,0,0
2024/04/29 16:05,01H0305S,01H0334S,5,0,0
2024/04/29 16:05,01H0579N,01H0447N,31,490,142
2024/04/29 16:05,01H0579N,01H0447N,32,499,63
2024/04/29 16:05,01H0579N,01H0447N,41,546,2
2024/04/29 16:05,01H0579N,01H0447N,42,0,0
2024/04/29 16:05,01H0579N,01H0447N,5,0,0
2024/04/29 16:05,01F0339S,01H0447S,31,466,125
2024/04/29 16:05,01F0339S,01H0447S,32,475,27
2024/04/29 16:05,01F0339S,01H0447S,41,508,2
2024/04/29 16:05,01F0339S,01H0447S,42,422,1
2024/04/29 16:05,01F0339S,01H0447S,5,0,0
2024/04/29 16:05,01H0334S,01H0447S,31,451,113
2024/04/29 16:05,01H0334S,01H0447S,32,463,23
2024/04/29 16:05,01H0334S,01H0447S,41,470,1
2024/04/29 16:05,01H0334S,01H0447S,42,0,0
2024/04/29 16:05,01H0334S,01H0447S,5,0,0
2024/04/29 16:05,01F0633N,01H0579N,31,240,43
2024/04/29 16:05,01F0633N,01H0579N,32,243,16
2024/04/29 16:05,01F0633N,01H0579N,41,0,0
2024/04/29 16:05,01F0633N,01H0579N,42,249,1
2024/04/29 16:05,01F0633N,01H0579N,5,0,0
2024/04/29 16:05,01H0608N,01H0579N,31,116,72
2024/04/29 16:05,01H0608N,01H0579N,32,119,37
2024/04/29 16:05,01H0608N,01H0579N,41,120,4
2024/04/29 16:05,01H0608N,01H0579N,42,0,0
2024/04/29 16:05,01H0608N,01H0579N,5,0,0
2024/04/29 16:05,01H0447S,01H0579S,31,511,136
2024/04/29 16:05,01H0447S,01H0579S,32,519,44
2024/04/29 16:05,01H0447S,01H0579S,41,522,3
2024/04/29 16:05,01H0447S,01H0579S,42,0,0
2024/04/29 16:05,01H0447S,01H0579S,5,494,2
2024/04/29 16:05,01F0750N,01H0608N,31,521,98
2024/04/29 16:05,01F0750N,01H0608N,32,529,52
2024/04/29 16:05,01F0750N,01H0608N,41,551,5
2024/04/29 16:05,01F0750N,01H0608N,42,0,0
2024/04/29 16:05,01F0750N,01H0608N,5,0,0
2024/04/29 16:05,01F0578S,01H0610S,31,196,45
2024/04/29 16:05,01F0578S,01H0610S,32,190,24
2024/04/29 16:05,01F0578S,01H0610S,41,204,1
2024/04/29 16:05,01F0578S,01H0610S,42,0,0
2024/04/29 16:05,01F0578S,01H0610S,5,0,0
2024/04/29 16:05,01H0579S,01H0610S,31,137,65
2024/04/29 16:05,01H0579S,01H0610S,32,137,20
2024/04/29 16:05,01H0579S,01H0610S,41,136,2
2024/04/29 16:05,01H0579S,01H0610S,42,0,0
2024/04/29 16:05,01H0579S,01H0610S,5,0,0
2024/04/29 16:05,03A0041N,03A0015N,31,127,59
2024/04/29 16:05,03A0041N,03A0015N,32,122,20
2024/04/29 16:05,03A0041N,03A0015N,41,115,1
2024/04/29 16:05,03A0041N,03A0015N,42,131,1
2024/04/29 16:05,03A0041N,03A0015N,5,0,0
2024/04/29 16:05,03F0201S,03A0041N,31,76,51
2024/04/29 16:05,03F0201S,03A0041N,32,72,17
2024/04/29 16:05,03F0201S,03A0041N,41,71,2
2024/04/29 16:05,03F0201S,03A0041N,42,0,0
2024/04/29 16:05,03F0201S,03A0041N,5,0,0
2024/04/29 16:05,03F0217N,03A0041N,31,110,27
2024/04/29 16:05,03F0217N,03A0041N,32,113,12
2024/04/29 16:05,03F0217N,03A0041N,41,0,0
2024/04/29 16:05,03F0217N,03A0041N,42,1763,1
2024/04/29 16:05,03F0217N,03A0041N,5,0,0
2024/04/29 16:05,03A0015S,03A0041S,31,123,72
2024/04/29 16:05,03A0015S,03A0041S,32,125,16
2024/04/29 16:05,03A0015S,03A0041S,41,122,2
2024/04/29 16:05,03A0015S,03A0041S,42,128,2
2024/04/29 16:05,03A0015S,03A0041S,5,0,0
2024/04/29 16:05,03F0054N,03F0021N,31,128,57
2024/04/29 16:05,03F0054N,03F0021N,32,132,16
2024/04/29 16:05,03F0054N,03F0021N,41,141,1
2024/04/29 16:05,03F0054N,03F0021N,42,145,4
2024/04/29 16:05,03F0054N,03F0021N,5,148,10
2024/04/29 16:05,01F0099S,03F0054N,31,0,0
2024/04/29 16:05,01F0099S,03F0054N,32,0,0
2024/04/29 16:05,01F0099S,03F0054N,41,0,0
2024/04/29 16:05,01F0099S,03F0054N,42,0,0
2024/04/29 16:05,01F0099S,03F0054N,5,0,0
2024/04/29 16:05,01F0147N,03F0054N,31,354,19
2024/04/29 16:05,01F0147N,03F0054N,32,357,5
2024/04/29 16:05,01F0147N,03F0054N,41,368,1
2024/04/29 16:05,01F0147N,03F0054N,42,358,3
2024/04/29 16:05,01F0147N,03F0054N,5,403,3
2024/04/29 16:05,01H0174N,03F0054N,31,447,12
2024/04/29 16:05,01H0174N,03F0054N,32,462,6
2024/04/29 16:05,01H0174N,03F0054N,41,0,0
2024/04/29 16:05,01H0174N,03F0054N,42,0,0
2024/04/29 16:05,01H0174N,03F0054N,5,0,0
2024/04/29 16:05,03F0116N,03F0054N,31,230,22
2024/04/29 16:05,03F0116N,03F0054N,32,237,10
2024/04/29 16:05,03F0116N,03F0054N,41,0,0
2024/04/29 16:05,03F0116N,03F0054N,42,254,2
2024/04/29 16:05,03F0116N,03F0054N,5,250,3
2024/04/29 16:05,03F0006S,03F0087S,31,322,42
2024/04/29 16:05,03F0006S,03F0087S,32,329,8
2024/04/29 16:05,03F0006S,03F0087S,41,336,1
2024/04/29 16:05,03F0006S,03F0087S,42,397,3
2024/04/29 16:05,03F0006S,03F0087S,5,378,11
2024/04/29 16:05,03F0140N,03F0116N,31,100,103
2024/04/29 16:05,03F0140N,03F0116N,32,104,43
2024/04/29 16:05,03F0140N,03F0116N,41,0,0
2024/04/29 16:05,03F0140N,03F0116N,42,107,6
2024/04/29 16:05,03F0140N,03F0116N,5,107,9
2024/04/29 16:05,01F0099S,03F0116S,31,139,23
2024/04/29 16:05,01F0099S,03F0116S,32,143,23
2024/04/29 16:05,01F0099S,03F0116S,41,128,1
2024/04/29 16:05,01F0099S,03F0116S,42,131,3
2024/04/29 16:05,01F0099S,03F0116S,5,144,2
2024/04/29 16:05,01F0147N,03F0116S,31,159,19
2024/04/29 16:05,01F0147N,03F0116S,32,162,12
2024/04/29 16:05,01F0147N,03F0116S,41,0,0
2024/04/29 16:05,01F0147N,03F0116S,42,160,4
2024/04/29 16:05,01F0147N,03F0116S,5,0,0
2024/04/29 16:05,01H0174N,03F0116S,31,256,23
2024/04/29 16:05,01H0174N,03F0116S,32,261,10
2024/04/29 16:05,01H0174N,03F0116S,41,0,0
2024/04/29 16:05,01H0174N,03F0116S,42,0,0
2024/04/29 16:05,01H0174N,03F0116S,5,0,0
2024/04/29 16:05,03F0087S,03F0116S,31,110,29
2024/04/29 16:05,03F0087S,03F0116S,32,117,6
2024/04/29 16:05,03F0087S,03F0116S,41,0,0
2024/04/29 16:05,03F0087S,03F0116S,42,115,1
2024/04/29 16:05,03F0087S,03F0116S,5,123,4
2024/04/29 16:05,03F0116S,03F0136S,31,82,80
2024/04/29 16:05,03F0116S,03F0136S,32,82,45
2024/04/29 16:05,03F0116S,03F0136S,41,76,1
2024/04/29 16:05,03F0116S,03F0136S,42,83,1
2024/04/29 16:05,03F0116S,03F0136S,5,93,3
2024/04/29 16:05,03F0150N,03F0140N,31,38,140
2024/04/29 16:05,03F0150N,03F0140N,32,39,49
2024/04/29 16:05,03F0150N,03F0140N,41,37,2
2024/04/29 16:05,03F0150N,03F0140N,42,41,11
2024/04/29 16:05,03F0150N,03F0140N,5,38,9
2024/04/29 16:05,03F0201N,03F0150N,31,212,118
2024/04/29 16:05,03F0201N,03F0150N,32,213,39
2024/04/29 16:05,03F0201N,03F0150N,41,216,1
2024/04/29 16:05,03F0201N,03F0150N,42,224,19
2024/04/29 16:05,03F0201N,03F0150N,5,227,7
2024/04/29 16:05,05F0001N,03F0150N,31,53,96
2024/04/29 16:05,05F0001N,03F0150N,32,53,24
2024/04/29 16:05,05F0001N,03F0150N,41,0,0
2024/04/29 16:05,05F0001N,03F0150N,42,0,0
2024/04/29 16:05,05F0001N,03F0150N,5,58,1
2024/04/29 16:05,03F0136S,03F0158S,31,84,132
2024/04/29 16:05,03F0136S,03F0158S,32,86,77
2024/04/29 16:05,03F0136S,03F0158S,41,81,2
2024/04/29 16:05,03F0136S,03F0158S,42,79,1
2024/04/29 16:05,03F0136S,03F0158S,5,86,2
2024/04/29 16:05,03A0041S,03F0201N,31,153,49
2024/04/29 16:05,03A0041S,03F0201N,32,163,12
2024/04/29 16:05,03A0041S,03F0201N,41,161,5
2024/04/29 16:05,03A0041S,03F0201N,42,160,4
2024/04/29 16:05,03A0041S,03F0201N,5,189,1
2024/04/29 16:05,03F0217N,03F0201N,31,60,126
2024/04/29 16:05,03F0217N,03F0201N,32,60,39
2024/04/29 16:05,03F0217N,03F0201N,41,64,2
2024/04/29 16:05,03F0217N,03F0201N,42,62,8
2024/04/29 16:05,03F0217N,03F0201N,5,63,8
2024/04/29 16:05,03F0158S,03F0201S,31,189,136
2024/04/29 16:05,03F0158S,03F0201S,32,190,64
2024/04/29 16:05,03F0158S,03F0201S,41,0,0
2024/04/29 16:05,03F0158S,03F0201S,42,193,2
2024/04/29 16:05,03F0158S,03F0201S,5,204,7
2024/04/29 16:05,05F0001N,03F0201S,31,229,57
2024/04/29 16:05,05F0001N,03F0201S,32,231,28
2024/04/29 16:05,05F0001N,03F0201S,41,258,4
2024/04/29 16:05,05F0001N,03F0201S,42,241,4
2024/04/29 16:05,05F0001N,03F0201S,5,0,0
2024/04/29 16:05,03F0301N,03F0217N,31,342,140
2024/04/29 16:05,03F0301N,03F0217N,32,349,59
2024/04/29 16:05,03F0301N,03F0217N,41,369,2
2024/04/29 16:05,03F0301N,03F0217N,42,361,10
2024/04/29 16:05,03F0301N,03F0217N,5,363,7
2024/04/29 16:05,03A0041S,03F0217S,31,90,34
2024/04/29 16:05,03A0041S,03F0217S,32,94,21
2024/04/29 16:05,03A0041S,03F0217S,41,0,0
2024/04/29 16:05,03A0041S,03F0217S,42,119,3
2024/04/29 16:05,03A0041S,03F0217S,5,0,0
2024/04/29 16:05,03F0201S,03F0217S,31,69,130
2024/04/29 16:05,03F0201S,03F0217S,32,69,55
2024/04/29 16:05,03F0201S,03F0217S,41,77,1
2024/04/29 16:05,03F0201S,03F0217S,42,74,4
2024/04/29 16:05,03F0201S,03F0217S,5,68,4
2024/04/29 16:05,03F0338N,03F0301N,31,141,118
2024/04/29 16:05,03F0338N,03F0301N,32,144,46
2024/04/29 16:05,03F0338N,03F0301N,41,154,3
2024/04/29 16:05,03F0338N,03F0301N,42,141,6
2024/04/29 16:05,03F0338N,03F0301N,5,150,12
2024/04/29 16:05,03F0217S,03F0301S,31,357,139
2024/04/29 16:05,03F0217S,03F0301S,32,360,76
2024/04/29 16:05,03F0217S,03F0301S,41,372,3
2024/04/29 16:05,03F0217S,03F0301S,42,376,5
2024/04/29 16:05,03F0217S,03F0301S,5,391,5
2024/04/29 16:05,03F0301S,03F0337S,31,405,142
2024/04/29 16:05,03F0301S,03F0337S,32,402,82
2024/04/29 16:05,03F0301S,03F0337S,41,385,3
2024/04/29 16:05,03F0301S,03F0337S,42,410,11
2024/04/29 16:05,03F0301S,03F0337S,5,366,7
2024/04/29 16:05,03F0394N,03F0338N,31,222,155
2024/04/29 16:05,03F0394N,03F0338N,32,226,60
2024/04/29 16:05,03F0394N,03F0338N,41,244,5
2024/04/29 16:05,03F0394N,03F0338N,42,243,7
2024/04/29 16:05,03F0394N,03F0338N,5,241,8
2024/04/29 16:05,03F0447N,03F0394N,31,196,173
2024/04/29 16:05,03F0447N,03F0394N,32,197,80
2024/04/29 16:05,03F0447N,03F0394N,41,213,5
2024/04/29 16:05,03F0447N,03F0394N,42,210,3
2024/04/29 16:05,03F0447N,03F0394N,5,234,6
2024/04/29 16:05,03F0337S,03F0394S,31,279,197
2024/04/29 16:05,03F0337S,03F0394S,32,281,77
2024/04/29 16:05,03F0337S,03F0394S,41,279,2
2024/04/29 16:05,03F0337S,03F0394S,42,288,11
2024/04/29 16:05,03F0337S,03F0394S,5,301,5
2024/04/29 16:05,03F0498N,03F0447N,31,185,248
2024/04/29 16:05,03F0498N,03F0447N,32,188,113
2024/04/29 16:05,03F0498N,03F0447N,41,208,5
2024/04/29 16:05,03F0498N,03F0447N,42,203,11
2024/04/29 16:05,03F0498N,03F0447N,5,213,9
2024/04/29 16:05,03F0394S,03F0447S,31,214,233
2024/04/29 16:05,03F0394S,03F0447S,32,216,82
2024/04/29 16:05,03F0394S,03F0447S,41,217,6
2024/04/29 16:05,03F0394S,03F0447S,42,228,11
2024/04/29 16:05,03F0394S,03F0447S,5,228,3
2024/04/29 16:05,03F0525N,03F0498N,31,101,261
2024/04/29 16:05,03F0525N,03F0498N,32,102,124
2024/04/29 16:05,03F0525N,03F0498N,41,108,8
2024/04/29 16:05,03F0525N,03F0498N,42,106,13
2024/04/29 16:05,03F0525N,03F0498N,5,107,12
2024/04/29 16:05,03F0447S,03F0498S,31,198,275
2024/04/29 16:05,03F0447S,03F0498S,32,205,115
2024/04/29 16:05,03F0447S,03F0498S,41,224,6
2024/04/29 16:05,03F0447S,03F0498S,42,211,20
2024/04/29 16:05,03F0447S,03F0498S,5,226,10
2024/04/29 16:05,01F0511S,03F0525N,31,711,6
2024/04/29 16:05,01F0511S,03F0525N,32,767,4
2024/04/29 16:05,01F0511S,03F0525N,41,0,0
2024/04/29 16:05,01F0511S,03F0525N,42,938,2
2024/04/29 16:05,01F0511S,03F0525N,5,810,1
2024/04/29 16:05,01F0532N,03F0525N,31,611,16
2024/04/29 16:05,01F0532N,03F0525N,32,684,5
2024/04/29 16:05,01F0532N,03F0525N,41,0,0
2024/04/29 16:05,01F0532N,03F0525N,42,625,1
2024/04/29 16:05,01F0532N,03F0525N,5,0,0
2024/04/29 16:05,03F0559N,03F0525N,31,124,174
2024/04/29 16:05,03F0559N,03F0525N,32,127,94
2024/04/29 16:05,03F0559N,03F0525N,41,133,8
2024/04/29 16:05,03F0559N,03F0525N,42,134,14
2024/04/29 16:05,03F0559N,03F0525N,5,136,8
2024/04/29 16:05,03F0498S,03F0525S,31,157,261
2024/04/29 16:05,03F0498S,03F0525S,32,168,104
2024/04/29 16:05,03F0498S,03F0525S,41,176,4
2024/04/29 16:05,03F0498S,03F0525S,42,183,15
2024/04/29 16:05,03F0498S,03F0525S,5,176,8
2024/04/29 16:05,03F0648N,03F0559N,31,323,168
2024/04/29 16:05,03F0648N,03F0559N,32,330,63
2024/04/29 16:05,03F0648N,03F0559N,41,328,6
2024/04/29 16:05,03F0648N,03F0559N,42,337,17
2024/04/29 16:05,03F0648N,03F0559N,5,353,11
2024/04/29 16:05,01F0511S,03F0559S,31,739,7
2024/04/29 16:05,01F0511S,03F0559S,32,743,3
2024/04/29 16:05,01F0511S,03F0559S,41,0,0
2024/04/29 16:05,01F0511S,03F0559S,42,1751,2
2024/04/29 16:05,01F0511S,03F0559S,5,0,0
2024/04/29 16:05,01F0532N,03F0559S,31,2364,3
2024/04/29 16:05,01F0532N,03F0559S,32,1731,2
2024/04/29 16:05,01F0532N,03F0559S,41,0,0
2024/04/29 16:05,01F0532N,03F0559S,42,0,0
2024/04/29 16:05,01F0532N,03F0559S,5,646,1
2024/04/29 16:05,03F0525S,03F0559S,31,134,161
2024/04/29 16:05,03F0525S,03F0559S,32,137,64
2024/04/29 16:05,03F0525S,03F0559S,41,144,2
2024/04/29 16:05,03F0525S,03F0559S,42,141,10
2024/04/29 16:05,03F0525S,03F0559S,5,157,8
2024/04/29 16:05,03F0698N,03F0648N,31,193,218
2024/04/29 16:05,03F0698N,03F0648N,32,195,58
2024/04/29 16:05,03F0698N,03F0648N,41,222,2
2024/04/29 16:05,03F0698N,03F0648N,42,197,9
2024/04/29 16:05,03F0698N,03F0648N,5,212,8
2024/04/29 16:05,03F0559S,03F0648S,31,326,128
2024/04/29 16:05,03F0559S,03F0648S,32,339,51
2024/04/29 16:05,03F0559S,03F0648S,41,359,2
2024/04/29 16:05,03F0559S,03F0648S,42,368,9
2024/04/29 16:05,03F0559S,03F0648S,5,372,13
2024/04/29 16:05,03F0746N,03F0698N,31,178,187
2024/04/29 16:05,03F0746N,03F0698N,32,179,80
2024/04/29 16:05,03F0746N,03F0698N,41,191,3
2024/04/29 16:05,03F0746N,03F0698N,42,205,13
2024/04/29 16:05,03F0746N,03F0698N,5,188,6
2024/04/29 16:05,03F0648S,03F0698S,31,177,97
2024/04/29 16:05,03F0648S,03F0698S,32,178,41
2024/04/29 16:05,03F0648S,03F0698S,41,209,2
2024/04/29 16:05,03F0648S,03F0698S,42,205,17
2024/04/29 16:05,03F0648S,03F0698S,5,204,16
2024/04/29 16:05,03F0746S,03F0746N,31,2591,2
2024/04/29 16:05,03F0746S,03F0746N,32,1760,2
2024/04/29 16:05,03F0746S,03F0746N,41,0,0
2024/04/29 16:05,03F0746S,03F0746N,42,0,0
2024/04/29 16:05,03F0746S,03F0746N,5,2314,2
2024/04/29 16:05,03F0783N,03F0746N,31,131,212
2024/04/29 16:05,03F0783N,03F0746N,32,134,84
2024/04/29 16:05,03F0783N,03F0746N,41,155,5
2024/04/29 16:05,03F0783N,03F0746N,42,152,12
2024/04/29 16:05,03F0783N,03F0746N,5,157,17
2024/04/29 16:05,03F0698S,03F0746S,31,170,101
2024/04/29 16:05,03F0698S,03F0746S,32,176,53
2024/04/29 16:05,03F0698S,03F0746S,41,178,6
2024/04/29 16:05,03F0698S,03F0746S,42,196,11
2024/04/29 16:05,03F0698S,03F0746S,5,210,10
2024/04/29 16:05,03F0846N,03F0783N,31,223,201
2024/04/29 16:05,03F0846N,03F0783N,32,228,76
2024/04/29 16:05,03F0846N,03F0783N,41,246,2
2024/04/29 16:05,03F0846N,03F0783N,42,245,11
2024/04/29 16:05,03F0846N,03F0783N,5,261,13
2024/04/29 16:05,03F0746S,03F0783S,31,124,107
2024/04/29 16:05,03F0746S,03F0783S,32,129,44
2024/04/29 16:05,03F0746S,03F0783S,41,1016,4
2024/04/29 16:05,03F0746S,03F0783S,42,144,11
2024/04/29 16:05,03F0746S,03F0783S,5,156,6
2024/04/29 16:05,03F0783N,03F0783S,31,913,1
2024/04/29 16:05,03F0783N,03F0783S,32,0,0
2024/04/29 16:05,03F0783N,03F0783S,41,0,0
2024/04/29 16:05,03F0783N,03F0783S,42,0,0
2024/04/29 16:05,03F0783N,03F0783S,5,0,0
2024/04/29 16:05,03F0961N,03F0846N,31,388,151
2024/04/29 16:05,03F0961N,03F0846N,32,394,75
2024/04/29 16:05,03F0961N,03F0846N,41,413,7
2024/04/29 16:05,03F0961N,03F0846N,42,461,11
2024/04/29 16:05,03F0961N,03F0846N,5,435,8
2024/04/29 16:05,03F0783S,03F0846S,31,210,118
2024/04/29 16:05,03F0783S,03F0846S,32,218,35
2024/04/29 16:05,03F0783S,03F0846S,41,226,3
2024/04/29 16:05,03F0783S,03F0846S,42,248,8
2024/04/29 16:05,03F0783S,03F0846S,5,242,13
2024/04/29 16:05,03F0996N,03F0961N,31,124,182
2024/04/29 16:05,03F0996N,03F0961N,32,126,48
2024/04/29 16:05,03F0996N,03F0961N,41,138,5
2024/04/29 16:05,03F0996N,03F0961N,42,143,15
2024/04/29 16:05,03F0996N,03F0961N,5,151,6
2024/04/29 16:05,03F0846S,03F0961S,31,376,81
2024/04/29 16:05,03F0846S,03F0961S,32,391,28
2024/04/29 16:05,03F0846S,03F0961S,41,438,3
2024/04/29 16:05,03F0846S,03F0961S,42,438,15
2024/04/29 16:05,03F0846S,03F0961S,5,474,10
2024/04/29 16:05,01F0980S,03F0996N,31,137,15
2024/04/29 16:05,01F0980S,03F0996N,32,143,7
2024/04/29 16:05,01F0980S,03F0996N,41,153,1
2024/04/29 16:05,01F0980S,03F0996N,42,144,1
2024/04/29 16:05,01F0980S,03F0996N,5,153,1
2024/04/29 16:05,01F1045N,03F0996N,31,235,67
2024/04/29 16:05,01F1045N,03F0996N,32,235,19
2024/04/29 16:05,01F1045N,03F0996N,41,242,6
2024/04/29 16:05,01F1045N,03F0996N,42,240,5
2024/04/29 16:05,01F1045N,03F0996N,5,0,0
2024/04/29 16:05,03F1022N,03F0996N,31,87,119
2024/04/29 16:05,03F1022N,03F0996N,32,92,50
2024/04/29 16:05,03F1022N,03F0996N,41,95,4
2024/04/29 16:05,03F1022N,03F0996N,42,94,5
2024/04/29 16:05,03F1022N,03F0996N,5,100,6
2024/04/29 16:05,03F0961S,03F0996S,31,117,82
2024/04/29 16:05,03F0961S,03F0996S,32,124,40
2024/04/29 16:05,03F0961S,03F0996S,41,125,6
2024/04/29 16:05,03F0961S,03F0996S,42,135,10
2024/04/29 16:05,03F0961S,03F0996S,5,138,10
2024/04/29 16:05,03F1051N,03F1022N,31,97,162
2024/04/29 16:05,03F1051N,03F1022N,32,102,57
2024/04/29 16:05,03F1051N,03F1022N,41,109,3
2024/04/29 16:05,03F1051N,03F1022N,42,114,11
2024/04/29 16:05,03F1051N,03F1022N,5,119,8
2024/04/29 16:05,01F0980S,03F1022S,31,117,74
2024/04/29 16:05,01F0980S,03F1022S,32,121,37
2024/04/29 16:05,01F0980S,03F1022S,41,120,2
2024/04/29 16:05,01F0980S,03F1022S,42,131,6
2024/04/29 16:05,01F0980S,03F1022S,5,132,9
2024/04/29 16:05,01F1045N,03F1022S,31,306,7
2024/04/29 16:05,01F1045N,03F1022S,32,0,0
2024/04/29 16:05,01F1045N,03F1022S,41,0,0
2024/04/29 16:05,01F1045N,03F1022S,42,1483,2
2024/04/29 16:05,01F1045N,03F1022S,5,0,0
2024/04/29 16:05,03F0996S,03F1022S,31,89,62
2024/04/29 16:05,03F0996S,03F1022S,32,92,36
2024/04/29 16:05,03F0996S,03F1022S,41,105,6
2024/04/29 16:05,03F0996S,03F1022S,42,100,12
2024/04/29 16:05,03F0996S,03F1022S,5,101,6
2024/04/29 16:05,03F1128N,03F1051N,31,255,136
2024/04/29 16:05,03F1128N,03F1051N,32,264,39
2024/04/29 16:05,03F1128N,03F1051N,41,270,9
2024/04/29 16:05,03F1128N,03F1051N,42,303,5
2024/04/29 16:05,03F1128N,03F1051N,5,315,6
2024/04/29 16:05,03F1022S,03F1051S,31,97,113
2024/04/29 16:05,03F1022S,03F1051S,32,101,62
2024/04/29 16:05,03F1022S,03F1051S,41,106,5
2024/04/29 16:05,03F1022S,03F1051S,42,106,17
2024/04/29 16:05,03F1022S,03F1051S,5,115,20
2024/04/29 16:05,03F1161N,03F1128N,31,110,120
2024/04/29 16:05,03F1161N,03F1128N,32,112,36
2024/04/29 16:05,03F1161N,03F1128N,41,119,1
2024/04/29 16:05,03F1161N,03F1128N,42,122,15
2024/04/29 16:05,03F1161N,03F1128N,5,129,15
2024/04/29 16:05,03F1051S,03F1128S,31,263,103
2024/04/29 16:05,03F1051S,03F1128S,32,267,39
2024/04/29 16:05,03F1051S,03F1128S,41,277,5
2024/04/29 16:05,03F1051S,03F1128S,42,299,22
2024/04/29 16:05,03F1051S,03F1128S,5,323,20
2024/04/29 16:05,03F1215N,03F1161N,31,173,100
2024/04/29 16:05,03F1215N,03F1161N,32,174,33
2024/04/29 16:05,03F1215N,03F1161N,41,189,2
2024/04/29 16:05,03F1215N,03F1161N,42,187,10
2024/04/29 16:05,03F1215N,03F1161N,5,205,13
2024/04/29 16:05,03F1128S,03F1161S,31,110,103
2024/04/29 16:05,03F1128S,03F1161S,32,113,43
2024/04/29 16:05,03F1128S,03F1161S,41,116,5
2024/04/29 16:05,03F1128S,03F1161S,42,126,25
2024/04/29 16:05,03F1128S,03F1161S,5,136,19
2024/04/29 16:05,03F1257N,03F1215N,31,130,109
2024/04/29 16:05,03F1257N,03F1215N,32,134,40
2024/04/29 16:05,03F1257N,03F1215N,41,151,9
2024/04/29 16:05,03F1257N,03F1215N,42,152,7
2024/04/29 16:05,03F1257N,03F1215N,5,162,17
2024/04/29 16:05,03F1161S,03F1215S,31,176,93
2024/04/29 16:05,03F1161S,03F1215S,32,183,38
2024/04/29 16:05,03F1161S,03F1215S,41,184,2
2024/04/29 16:05,03F1161S,03F1215S,42,214,23
2024/04/29 16:05,03F1161S,03F1215S,5,228,20
2024/04/29 16:05,03F1332N,03F1257N,31,241,94
2024/04/29 16:05,03F1332N,03F1257N,32,246,43
2024/04/29 16:05,03F1332N,03F1257N,41,272,6
2024/04/29 16:05,03F1332N,03F1257N,42,269,13
2024/04/29 16:05,03F1332N,03F1257N,5,289,15
2024/04/29 16:05,03F1215S,03F1257S,31,135,65
2024/04/29 16:05,03F1215S,03F1257S,32,138,39
2024/04/29 16:05,03F1215S,03F1257S,41,143,3
2024/04/29 16:05,03F1215S,03F1257S,42,189,22
2024/04/29 16:05,03F1215S,03F1257S,5,183,24
2024/04/29 16:05,03F1395N,03F1332N,31,203,116
2024/04/29 16:05,03F1395N,03F1332N,32,205,49
2024/04/29 16:05,03F1395N,03F1332N,41,719,6
2024/04/29 16:05,03F1395N,03F1332N,42,254,12
2024/04/29 16:05,03F1395N,03F1332N,5,241,8
2024/04/29 16:05,03F1257S,03F1332S,31,243,76
2024/04/29 16:05,03F1257S,03F1332S,32,258,34
2024/04/29 16:05,03F1257S,03F1332S,41,260,1
2024/04/29 16:05,03F1257S,03F1332S,42,276,22
2024/04/29 16:05,03F1257S,03F1332S,5,303,24
2024/04/29 16:05,03F1485N,03F1395N,31,290,77
2024/04/29 16:05,03F1485N,03F1395N,32,290,35
2024/04/29 16:05,03F1485N,03F1395N,41,318,4
2024/04/29 16:05,03F1485N,03F1395N,42,351,12
2024/04/29 16:05,03F1485N,03F1395N,5,351,13
2024/04/29 16:05,03F1332S,03F1395S,31,210,93
2024/04/29 16:05,03F1332S,03F1395S,32,218,33
2024/04/29 16:05,03F1332S,03F1395S,41,229,1
2024/04/29 16:05,03F1332S,03F1395S,42,236,16
2024/04/29 16:05,03F1332S,03F1395S,5,254,20
2024/04/29 16:05,03F1633N,03F1485N,31,476,127
2024/04/29 16:05,03F1633N,03F1485N,32,473,26
2024/04/29 16:05,03F1633N,03F1485N,41,502,1
2024/04/29 16:05,03F1633N,03F1485N,42,570,9
2024/04/29 16:05,03F1633N,03F1485N,5,621,8
2024/04/29 16:05,03F1395S,03F1485S,31,294,80
2024/04/29 16:05,03F1395S,03F1485S,32,305,46
2024/04/29 16:05,03F1395S,03F1485S,41,0,0
2024/04/29 16:05,03F1395S,03F1485S,42,319,11
2024/04/29 16:05,03F1395S,03F1485S,5,350,11
2024/04/29 16:05,03F1651N,03F1633N,31,58,120
2024/04/29 16:05,03F1651N,03F1633N,32,61,51
2024/04/29 16:05,03F1651N,03F1633N,41,65,5
2024/04/29 16:05,03F1651N,03F1633N,42,63,11
2024/04/29 16:05,03F1651N,03F1633N,5,69,13
2024/04/29 16:05,03F1485S,03F1633S,31,487,71
2024/04/29 16:05,03F1485S,03F1633S,32,500,37
2024/04/29 16:05,03F1485S,03F1633S,41,532,3
2024/04/29 16:05,03F1485S,03F1633S,42,572,18
2024/04/29 16:05,03F1485S,03F1633S,5,577,17
2024/04/29 16:05,01F1621S,03F1651N,31,2334,1
2024/04/29 16:05,01F1621S,03F1651N,32,0,0
2024/04/29 16:05,01F1621S,03F1651N,41,0,0
2024/04/29 16:05,01F1621S,03F1651N,42,0,0
2024/04/29 16:05,01F1621S,03F1651N,5,0,0
2024/04/29 16:05,01F1664N,03F1651N,31,523,16
2024/04/29 16:05,01F1664N,03F1651N,32,509,8
2024/04/29 16:05,01F1664N,03F1651N,41,0,0
2024/04/29 16:05,01F1664N,03F1651N,42,612,1
2024/04/29 16:05,01F1664N,03F1651N,5,0,0
2024/04/29 16:05,03F1710N,03F1651N,31,196,102
2024/04/29 16:05,03F1710N,03F1651N,32,196,40
2024/04/29 16:05,03F1710N,03F1651N,41,214,5
2024/04/29 16:05,03F1710N,03F1651N,42,219,8
2024/04/29 16:05,03F1710N,03F1651N,5,240,12
2024/04/29 16:05,03F1633S,03F1651S,31,58,92
2024/04/29 16:05,03F1633S,03F1651S,32,60,51
2024/04/29 16:05,03F1633S,03F1651S,41,62,2
2024/04/29 16:05,03F1633S,03F1651S,42,68,23
2024/04/29 16:05,03F1633S,03F1651S,5,68,16
2024/04/29 16:05,03F1710S,03F1710N,31,1498,4
2024/04/29 16:05,03F1710S,03F1710N,32,2818,2
2024/04/29 16:05,03F1710S,03F1710N,41,0,0
2024/04/29 16:05,03F1710S,03F1710N,42,1973,1
2024/04/29 16:05,03F1710S,03F1710N,5,0,0
2024/04/29 16:05,03F1739N,03F1710N,31,97,137
2024/04/29 16:05,03F1739N,03F1710N,32,100,38
2024/04/29 16:05,03F1739N,03F1710N,41,109,2
2024/04/29 16:05,03F1739N,03F1710N,42,108,17
2024/04/29 16:05,03F1739N,03F1710N,5,128,7
2024/04/29 16:05,01F1621S,03F1710S,31,1795,2
2024/04/29 16:05,01F1621S,03F1710S,32,604,2
2024/04/29 16:05,01F1621S,03F1710S,41,651,4
2024/04/29 16:05,01F1621S,03F1710S,42,632,1
2024/04/29 16:05,01F1621S,03F1710S,5,0,0
2024/04/29 16:05,01F1664N,03F1710S,31,513,6
2024/04/29 16:05,01F1664N,03F1710S,32,525,6
2024/04/29 16:05,01F1664N,03F1710S,41,0,0
2024/04/29 16:05,01F1664N,03F1710S,42,0,0
2024/04/29 16:05,01F1664N,03F1710S,5,1798,1
2024/04/29 16:05,03F1651S,03F1710S,31,203,90
2024/04/29 16:05,03F1651S,03F1710S,32,210,41
2024/04/29 16:05,03F1651S,03F1710S,41,207,2
2024/04/29 16:05,03F1651S,03F1710S,42,242,14
2024/04/29 16:05,03F1651S,03F1710S,5,250,16
2024/04/29 16:05,03F1779N,03F1739N,31,129,107
2024/04/29 16:05,03F1779N,03F1739N,32,135,32
2024/04/29 16:05,03F1779N,03F1739N,41,154,3
2024/04/29 16:05,03F1779N,03F1739N,42,145,5
2024/04/29 16:05,03F1779N,03F1739N,5,160,4
2024/04/29 16:05,03F1710S,03F1739S,31,98,106
2024/04/29 16:05,03F1710S,03F1739S,32,98,60
2024/04/29 16:05,03F1710S,03F1739S,41,113,4
2024/04/29 16:05,03F1710S,03F1739S,42,111,22
2024/04/29 16:05,03F1710S,03F1739S,5,119,20
2024/04/29 16:05,03F1739N,03F1739S,31,2121,4
2024/04/29 16:05,03F1739N,03F1739S,32,3299,1
2024/04/29 16:05,03F1739N,03F1739S,41,0,0
2024/04/29 16:05,03F1739N,03F1739S,42,2816,1
2024/04/29 16:05,03F1739N,03F1739S,5,0,0
2024/04/29 16:05,03F1860N,03F1779N,31,270,108
2024/04/29 16:05,03F1860N,03F1779N,32,278,28
2024/04/29 16:05,03F1860N,03F1779N,41,293,3
2024/04/29 16:05,03F1860N,03F1779N,42,311,7
2024/04/29 16:05,03F1860N,03F1779N,5,371,4
2024/04/29 16:05,03F1739S,03F1779S,31,136,75
2024/04/29 16:05,03F1739S,03F1779S,32,136,42
2024/04/29 16:05,03F1739S,03F1779S,41,147,2
2024/04/29 16:05,03F1739S,03F1779S,42,160,14
2024/04/29 16:05,03F1739S,03F1779S,5,158,11
2024/04/29 16:05,03F1941N,03F1860N,31,260,99
2024/04/29 16:05,03F1941N,03F1860N,32,264,41
2024/04/29 16:05,03F1941N,03F1860N,41,293,2
2024/04/29 16:05,03F1941N,03F1860N,42,314,13
2024/04/29 16:05,03F1941N,03F1860N,5,340,9
2024/04/29 16:05,03F1779S,03F1860S,31,270,67
2024/04/29 16:05,03F1779S,03F1860S,32,284,42
2024/04/29 16:05,03F1779S,03F1860S,41,287,4
2024/04/29 16:05,03F1779S,03F1860S,42,301,18
2024/04/29 16:05,03F1779S,03F1860S,5,329,14
2024/04/29 16:05,01F1906S,03F1941N,31,1053,4
2024/04/29 16:05,01F1906S,03F1941N,32,223,2
2024/04/29 16:05,01F1906S,03F1941N,41,0,0
2024/04/29 16:05,01F1906S,03F1941N,42,240,1
2024/04/29 16:05,01F1906S,03F1941N,5,244,1
2024/04/29 16:05,01F1960N,03F1941N,31,281,48
2024/04/29 16:05,01F1960N,03F1941N,32,279,20
2024/04/29 16:05,01F1960N,03F1941N,41,299,2
2024/04/29 16:05,01F1960N,03F1941N,42,305,10
2024/04/29 16:05,01F1960N,03F1941N,5,302,9
2024/04/29 16:05,03F1992N,03F1941N,31,167,93
2024/04/29 16:05,03F1992N,03F1941N,32,180,53
2024/04/29 16:05,03F1992N,03F1941N,41,188,2
2024/04/29 16:05,03F1992N,03F1941N,42,194,7
2024/04/29 16:05,03F1992N,03F1941N,5,207,5
2024/04/29 16:05,03F1860S,03F1944S,31,279,81
2024/04/29 16:05,03F1860S,03F1944S,32,290,58
2024/04/29 16:05,03F1860S,03F1944S,41,289,2
2024/04/29 16:05,03F1860S,03F1944S,42,322,24
2024/04/29 16:05,03F1860S,03F1944S,5,338,16
2024/04/29 16:05,01F1906S,03F1991S,31,206,14
2024/04/29 16:05,01F1906S,03F1991S,32,208,5
2024/04/29 16:05,01F1906S,03F1991S,41,0,0
2024/04/29 16:05,01F1906S,03F1991S,42,222,3
2024/04/29 16:05,01F1906S,03F1991S,5,208,2
2024/04/29 16:05,01F1960N,03F1991S,31,276,45
2024/04/29 16:05,01F1960N,03F1991S,32,266,22
2024/04/29 16:05,01F1960N,03F1991S,41,0,0
2024/04/29 16:05,01F1960N,03F1991S,42,295,6
2024/04/29 16:05,01F1960N,03F1991S,5,289,2
2024/04/29 16:05,03F1944S,03F1991S,31,153,70
2024/04/29 16:05,03F1944S,03F1991S,32,163,49
2024/04/29 16:05,03F1944S,03F1991S,41,171,1
2024/04/29 16:05,03F1944S,03F1991S,42,183,17
2024/04/29 16:05,03F1944S,03F1991S,5,182,11
2024/04/29 16:05,03F2066N,03F1992N,31,244,95
2024/04/29 16:05,03F2066N,03F1992N,32,254,55
2024/04/29 16:05,03F2066N,03F1992N,41,278,5
2024/04/29 16:05,03F2066N,03F1992N,42,275,9
2024/04/29 16:05,03F2066N,03F1992N,5,292,11
2024/04/29 16:05,03F2078N,03F2066N,31,43,178
2024/04/29 16:05,03F2078N,03F2066N,32,45,63
2024/04/29 16:05,03F2078N,03F2066N,41,44,8
2024/04/29 16:05,03F2078N,03F2066N,42,50,13
2024/04/29 16:05,03F2078N,03F2066N,5,49,4
2024/04/29 16:05,03F1991S,03F2066S,31,245,74
2024/04/29 16:05,03F1991S,03F2066S,32,264,48
2024/04/29 16:05,03F1991S,03F2066S,41,388,1
2024/04/29 16:05,03F1991S,03F2066S,42,304,9
2024/04/29 16:05,03F1991S,03F2066S,5,292,19
2024/04/29 16:05,03F2100N,03F2078N,31,80,176
2024/04/29 16:05,03F2100N,03F2078N,32,83,77
2024/04/29 16:05,03F2100N,03F2078N,41,86,10
2024/04/29 16:05,03F2100N,03F2078N,42,90,17
2024/04/29 16:05,03F2100N,03F2078N,5,89,5
2024/04/29 16:05,03F2066S,03F2079S,31,49,154
2024/04/29 16:05,03F2066S,03F2079S,32,51,57
2024/04/29 16:05,03F2066S,03F2079S,41,0,0
2024/04/29 16:05,03F2066S,03F2079S,42,56,11
2024/04/29 16:05,03F2066S,03F2079S,5,53,12
2024/04/29 16:05,03F2125N,03F2100N,31,84,161
2024/04/29 16:05,03F2125N,03F2100N,32,87,45
2024/04/29 16:05,03F2125N,03F2100N,41,88,8
2024/04/29 16:05,03F2125N,03F2100N,42,95,10
2024/04/29 16:05,03F2125N,03F2100N,5,94,3
2024/04/29 16:05,03F2079S,03F2100S,31,74,131
2024/04/29 16:05,03F2079S,03F2100S,32,79,63
2024/04/29 16:05,03F2079S,03F2100S,41,88,2
2024/04/29 16:05,03F2079S,03F2100S,42,83,10
2024/04/29 16:05,03F2079S,03F2100S,5,85,9
2024/04/29 16:05,03F2153N,03F2125N,31,97,188
2024/04/29 16:05,03F2153N,03F2125N,32,99,89
2024/04/29 16:05,03F2153N,03F2125N,41,101,4
2024/04/29 16:05,03F2153N,03F2125N,42,109,14
2024/04/29 16:05,03F2153N,03F2125N,5,109,4
2024/04/29 16:05,03F2100S,03F2129S,31,103,114
2024/04/29 16:05,03F2100S,03F2129S,32,107,30
2024/04/29 16:05,03F2100S,03F2129S,41,116,1
2024/04/29 16:05,03F2100S,03F2129S,42,110,7
2024/04/29 16:05,03F2100S,03F2129S,5,113,5
2024/04/29 16:05,03F2129S,03F2152S,31,79,142
2024/04/29 16:05,03F2129S,03F2152S,32,85,68
2024/04/29 16:05,03F2129S,03F2152S,41,0,0
2024/04/29 16:05,03F2129S,03F2152S,42,96,13
2024/04/29 16:05,03F2129S,03F2152S,5,85,5
2024/04/29 16:05,03F2194N,03F2153N,31,139,193
2024/04/29 16:05,03F2194N,03F2153N,32,142,70
2024/04/29 16:05,03F2194N,03F2153N,41,154,6
2024/04/29 16:05,03F2194N,03F2153N,42,147,10
2024/04/29 16:05,03F2194N,03F2153N,5,158,9
2024/04/29 16:05,03F2231N,03F2194N,31,119,173
2024/04/29 16:05,03F2231N,03F2194N,32,124,59
2024/04/29 16:05,03F2231N,03F2194N,41,127,6
2024/04/29 16:05,03F2231N,03F2194N,42,130,13
2024/04/29 16:05,03F2231N,03F2194N,5,143,7
2024/04/29 16:05,03F2152S,03F2194S,31,141,141
2024/04/29 16:05,03F2152S,03F2194S,32,147,64
2024/04/29 16:05,03F2152S,03F2194S,41,169,1
2024/04/29 16:05,03F2152S,03F2194S,42,159,16
2024/04/29 16:05,03F2152S,03F2194S,5,162,9
2024/04/29 16:05,03F2260N,03F2231N,31,100,152
2024/04/29 16:05,03F2260N,03F2231N,32,103,48
2024/04/29 16:05,03F2260N,03F2231N,41,105,10
2024/04/29 16:05,03F2260N,03F2231N,42,113,11
2024/04/29 16:05,03F2260N,03F2231N,5,117,9
2024/04/29 16:05,03F2194S,03F2235S,31,134,136
2024/04/29 16:05,03F2194S,03F2235S,32,136,43
2024/04/29 16:05,03F2194S,03F2235S,41,145,1
2024/04/29 16:05,03F2194S,03F2235S,42,148,13
2024/04/29 16:05,03F2194S,03F2235S,5,157,12
2024/04/29 16:05,03F2306N,03F2260N,31,152,149
2024/04/29 16:05,03F2306N,03F2260N,32,160,44
2024/04/29 16:05,03F2306N,03F2260N,41,163,7
2024/04/29 16:05,03F2306N,03F2260N,42,175,9
2024/04/29 16:05,03F2306N,03F2260N,5,174,8
2024/04/29 16:05,03F2235S,03F2261S,31,86,98
2024/04/29 16:05,03F2235S,03F2261S,32,86,42
2024/04/29 16:05,03F2235S,03F2261S,41,106,2
2024/04/29 16:05,03F2235S,03F2261S,42,101,10
2024/04/29 16:05,03F2235S,03F2261S,5,99,11
2024/04/29 16:05,03F2306S,03F2306N,31,2479,8
2024/04/29 16:05,03F2306S,03F2306N,32,1981,3
2024/04/29 16:05,03F2306S,03F2306N,41,0,0
2024/04/29 16:05,03F2306S,03F2306N,42,0,0
2024/04/29 16:05,03F2306S,03F2306N,5,0,0
2024/04/29 16:05,03F2336N,03F2306N,31,103,156
2024/04/29 16:05,03F2336N,03F2306N,32,106,70
2024/04/29 16:05,03F2336N,03F2306N,41,850,4
2024/04/29 16:05,03F2336N,03F2306N,42,118,6
2024/04/29 16:05,03F2336N,03F2306N,5,118,5
2024/04/29 16:05,03F2261S,03F2306S,31,144,79
2024/04/29 16:05,03F2261S,03F2306S,32,153,41
2024/04/29 16:05,03F2261S,03F2306S,41,157,1
2024/04/29 16:05,03F2261S,03F2306S,42,162,8
2024/04/29 16:05,03F2261S,03F2306S,5,165,10
2024/04/29 16:05,03F2415N,03F2336N,31,260,131
2024/04/29 16:05,03F2415N,03F2336N,32,265,42
2024/04/29 16:05,03F2415N,03F2336N,41,278,4
2024/04/29 16:05,03F2415N,03F2336N,42,306,5
2024/04/29 16:05,03F2415N,03F2336N,5,320,4
2024/04/29 16:05,03F2306S,03F2336S,31,101,94
2024/04/29 16:05,03F2306S,03F2336S,32,104,45
2024/04/29 16:05,03F2306S,03F2336S,41,106,1
2024/04/29 16:05,03F2306S,03F2336S,42,121,9
2024/04/29 16:05,03F2306S,03F2336S,5,120,10
2024/04/29 16:05,03F2336N,03F2336S,31,1897,3
2024/04/29 16:05,03F2336N,03F2336S,32,2165,1
2024/04/29 16:05,03F2336N,03F2336S,41,0,0
2024/04/29 16:05,03F2336N,03F2336S,42,0,0
2024/04/29 16:05,03F2336N,03F2336S,5,0,0
2024/04/29 16:05,03F2447N,03F2415N,31,104,80
2024/04/29 16:05,03F2447N,03F2415N,32,107,26
2024/04/29 16:05,03F2447N,03F2415N,41,113,1
2024/04/29 16:05,03F2447N,03F2415N,42,119,5
2024/04/29 16:05,03F2447N,03F2415N,5,122,3
2024/04/29 16:05,03F2336S,03F2415S,31,258,65
2024/04/29 16:05,03F2336S,03F2415S,32,273,25
2024/04/29 16:05,03F2336S,03F2415S,41,342,2
2024/04/29 16:05,03F2336S,03F2415S,42,336,8
2024/04/29 16:05,03F2336S,03F2415S,5,340,7
2024/04/29 16:05,03F2535N,03F2447N,31,281,84
2024/04/29 16:05,03F2535N,03F2447N,32,289,26
2024/04/29 16:05,03F2535N,03F2447N,41,0,0
2024/04/29 16:05,03F2535N,03F2447N,42,327,4
2024/04/29 16:05,03F2535N,03F2447N,5,390,2
2024/04/29 16:05,03F2415S,03F2447S,31,106,68
2024/04/29 16:05,03F2415S,03F2447S,32,106,14
2024/04/29 16:05,03F2415S,03F2447S,41,0,0
2024/04/29 16:05,03F2415S,03F2447S,42,118,9
2024/04/29 16:05,03F2415S,03F2447S,5,126,7
2024/04/29 16:05,03F2614N,03F2535N,31,250,62
2024/04/29 16:05,03F2614N,03F2535N,32,256,30
2024/04/29 16:05,03F2614N,03F2535N,41,289,1
2024/04/29 16:05,03F2614N,03F2535N,42,295,7
2024/04/29 16:05,03F2614N,03F2535N,5,305,5
2024/04/29 16:05,03F2447S,03F2535S,31,287,71
2024/04/29 16:05,03F2447S,03F2535S,32,299,25
2024/04/29 16:05,03F2447S,03F2535S,41,0,0
2024/04/29 16:05,03F2447S,03F2535S,42,316,11
2024/04/29 16:05,03F2447S,03F2535S,5,363,3
2024/04/29 16:05,03F2709N,03F2614N,31,303,65
2024/04/29 16:05,03F2709N,03F2614N,32,305,22
2024/04/29 16:05,03F2709N,03F2614N,41,388,1
2024/04/29 16:05,03F2709N,03F2614N,42,354,4
2024/04/29 16:05,03F2709N,03F2614N,5,378,5
2024/04/29 16:05,03F2535S,03F2614S,31,271,53
2024/04/29 16:05,03F2535S,03F2614S,32,275,19
2024/04/29 16:05,03F2535S,03F2614S,41,290,1
2024/04/29 16:05,03F2535S,03F2614S,42,284,5
2024/04/29 16:05,03F2535S,03F2614S,5,313,3
2024/04/29 16:05,03F2747N,03F2709N,31,124,82
2024/04/29 16:05,03F2747N,03F2709N,32,130,24
2024/04/29 16:05,03F2747N,03F2709N,41,145,1
2024/04/29 16:05,03F2747N,03F2709N,42,142,5
2024/04/29 16:05,03F2747N,03F2709N,5,153,1
2024/04/29 16:05,03F2614S,03F2709S,31,330,42
2024/04/29 16:05,03F2614S,03F2709S,32,339,18
2024/04/29 16:05,03F2614S,03F2709S,41,385,4
2024/04/29 16:05,03F2614S,03F2709S,42,362,5
2024/04/29 16:05,03F2614S,03F2709S,5,358,1
2024/04/29 16:05,03F2747S,03F2747N,31,0,0
2024/04/29 16:05,03F2747S,03F2747N,32,0,0
2024/04/29 16:05,03F2747S,03F2747N,41,0,0
2024/04/29 16:05,03F2747S,03F2747N,42,298,1
2024/04/29 16:05,03F2747S,03F2747N,5,1692,1
2024/04/29 16:05,03F2777N,03F2747N,31,97,84
2024/04/29 16:05,03F2777N,03F2747N,32,102,20
2024/04/29 16:05,03F2777N,03F2747N,41,108,2
2024/04/29 16:05,03F2777N,03F2747N,42,749,5
2024/04/29 16:05,03F2777N,03F2747N,5,116,2
2024/04/29 16:05,03F2709S,03F2747S,31,125,51
2024/04/29 16:05,03F2709S,03F2747S,32,125,28
2024/04/29 16:05,03F2709S,03F2747S,41,151,4
2024/04/29 16:05,03F2709S,03F2747S,42,150,7
2024/04/29 16:05,03F2709S,03F2747S,5,143,3
2024/04/29 16:05,03F2840N,03F2777N,31,204,68
2024/04/29 16:05,03F2840N,03F2777N,32,212,17
2024/04/29 16:05,03F2840N,03F2777N,41,228,3
2024/04/29 16:05,03F2840N,03F2777N,42,203,2
2024/04/29 16:05,03F2840N,03F2777N,5,247,1
2024/04/29 16:05,03F2747S,03F2777S,31,98,68
2024/04/29 16:05,03F2747S,03F2777S,32,99,28
2024/04/29 16:05,03F2747S,03F2777S,41,804,3
2024/04/29 16:05,03F2747S,03F2777S,42,114,8
2024/04/29 16:05,03F2747S,03F2777S,5,112,3
2024/04/29 16:05,03F2777N,03F2777S,31,0,0
2024/04/29 16:05,03F2777N,03F2777S,32,3015,1
2024/04/29 16:05,03F2777N,03F2777S,41,0,0
2024/04/29 16:05,03F2777N,03F2777S,42,0,0
2024/04/29 16:05,03F2777N,03F2777S,5,0,0
2024/04/29 16:05,03F2899N,03F2840N,31,192,46
2024/04/29 16:05,03F2899N,03F2840N,32,202,19
2024/04/29 16:05,03F2899N,03F2840N,41,210,3
2024/04/29 16:05,03F2899N,03F2840N,42,213,11
2024/04/29 16:05,03F2899N,03F2840N,5,230,1
2024/04/29 16:05,03F2777S,03F2840S,31,208,57
2024/04/29 16:05,03F2777S,03F2840S,32,216,30
2024/04/29 16:05,03F2777S,03F2840S,41,218,2
2024/04/29 16:05,03F2777S,03F2840S,42,227,10
2024/04/29 16:05,03F2777S,03F2840S,5,240,4
2024/04/29 16:05,03F2923N,03F2899N,31,75,63
2024/04/29 16:05,03F2923N,03F2899N,32,76,30
2024/04/29 16:05,03F2923N,03F2899N,41,84,2
2024/04/29 16:05,03F2923N,03F2899N,42,81,9
2024/04/29 16:05,03F2923N,03F2899N,5,89,2
2024/04/29 16:05,03F2840S,03F2899S,31,189,52
2024/04/29 16:05,03F2840S,03F2899S,32,202,18
2024/04/29 16:05,03F2840S,03F2899S,41,221,4
2024/04/29 16:05,03F2840S,03F2899S,42,217,5
2024/04/29 16:05,03F2840S,03F2899S,5,0,0
2024/04/29 16:05,03F2985N,03F2923N,31,203,70
2024/04/29 16:05,03F2985N,03F2923N,32,205,37
2024/04/29 16:05,03F2985N,03F2923N,41,0,0
2024/04/29 16:05,03F2985N,03F2923N,42,230,11
2024/04/29 16:05,03F2985N,03F2923N,5,241,6
2024/04/29 16:05,03F2899S,03F2923S,31,123,61
2024/04/29 16:05,03F2899S,03F2923S,32,122,18
2024/04/29 16:05,03F2899S,03F2923S,41,131,2
2024/04/29 16:05,03F2899S,03F2923S,42,110,5
2024/04/29 16:05,03F2899S,03F2923S,5,137,2
2024/04/29 16:05,03F3101N,03F2985N,31,380,55
2024/04/29 16:05,03F3101N,03F2985N,32,377,21
2024/04/29 16:05,03F3101N,03F2985N,41,0,0
2024/04/29 16:05,03F3101N,03F2985N,42,427,5
2024/04/29 16:05,03F3101N,03F2985N,5,460,6
2024/04/29 16:05,03F2923S,03F2985S,31,330,45
2024/04/29 16:05,03F2923S,03F2985S,32,331,20
2024/04/29 16:05,03F2923S,03F2985S,41,0,0
2024/04/29 16:05,03F2923S,03F2985S,42,367,6
2024/04/29 16:05,03F2923S,03F2985S,5,360,3
2024/04/29 16:05,03F3187N,03F3101N,31,278,66
2024/04/29 16:05,03F3187N,03F3101N,32,286,25
2024/04/29 16:05,03F3187N,03F3101N,41,329,2
2024/04/29 16:05,03F3187N,03F3101N,42,346,10
2024/04/29 16:05,03F3187N,03F3101N,5,418,6
2024/04/29 16:05,03F2985S,03F3101S,31,383,59
2024/04/29 16:05,03F2985S,03F3101S,32,400,19
2024/04/29 16:05,03F2985S,03F3101S,41,0,0
2024/04/29 16:05,03F2985S,03F3101S,42,409,3
2024/04/29 16:05,03F2985S,03F3101S,5,469,7
2024/04/29 16:05,03F3187S,03F3187N,31,1847,1
2024/04/29 16:05,03F3187S,03F3187N,32,0,0
2024/04/29 16:05,03F3187S,03F3187N,41,0,0
2024/04/29 16:05,03F3187S,03F3187N,42,0,0
2024/04/29 16:05,03F3187S,03F3187N,5,2806,1
2024/04/29 16:05,03F3211N,03F3187N,31,79,68
2024/04/29 16:05,03F3211N,03F3187N,32,83,27
2024/04/29 16:05,03F3211N,03F3187N,41,0,0
2024/04/29 16:05,03F3211N,03F3187N,42,84,9
2024/04/29 16:05,03F3211N,03F3187N,5,97,6
2024/04/29 16:05,03F3101S,03F3187S,31,275,58
2024/04/29 16:05,03F3101S,03F3187S,32,284,21
2024/04/29 16:05,03F3101S,03F3187S,41,298,1
2024/04/29 16:05,03F3101S,03F3187S,42,316,6
2024/04/29 16:05,03F3101S,03F3187S,5,332,1
2024/04/29 16:05,03F3259N,03F3211N,31,152,67
2024/04/29 16:05,03F3259N,03F3211N,32,155,28
2024/04/29 16:05,03F3259N,03F3211N,41,160,1
2024/04/29 16:05,03F3259N,03F3211N,42,161,6
2024/04/29 16:05,03F3259N,03F3211N,5,180,2
2024/04/29 16:05,03F3187S,03F3211S,31,77,76
2024/04/29 16:05,03F3187S,03F3211S,32,79,18
2024/04/29 16:05,03F3187S,03F3211S,41,881,1
2024/04/29 16:05,03F3187S,03F3211S,42,81,5
2024/04/29 16:05,03F3187S,03F3211S,5,98,4
2024/04/29 16:05,03F3211N,03F3211S,31,811,1
2024/04/29 16:05,03F3211N,03F3211S,32,0,0
2024/04/29 16:05,03F3211N,03F3211S,41,0,0
2024/04/29 16:05,03F3211N,03F3211S,42,0,0
2024/04/29 16:05,03F3211N,03F3211S,5,0,0
2024/04/29 16:05,03F3307N,03F3259N,31,156,78
2024/04/29 16:05,03F3307N,03F3259N,32,158,27
2024/04/29 16:05,03F3307N,03F3259N,41,165,3
2024/04/29 16:05,03F3307N,03F3259N,42,166,9
2024/04/29 16:05,03F3307N,03F3259N,5,189,7
2024/04/29 16:05,03F3211S,03F3259S,31,151,65
2024/04/29 16:05,03F3211S,03F3259S,32,157,26
2024/04/29 16:05,03F3211S,03F3259S,41,178,2
2024/04/29 16:05,03F3211S,03F3259S,42,173,11
2024/04/29 16:05,03F3211S,03F3259S,5,195,5
2024/04/29 16:05,03F3392N,03F3307N,31,273,72
2024/04/29 16:05,03F3392N,03F3307N,32,281,28
2024/04/29 16:05,03F3392N,03F3307N,41,307,3
2024/04/29 16:05,03F3392N,03F3307N,42,319,9
2024/04/29 16:05,03F3392N,03F3307N,5,329,7
2024/04/29 16:05,03F3259S,03F3307S,31,159,61
2024/04/29 16:05,03F3259S,03F3307S,32,166,31
2024/04/29 16:05,03F3259S,03F3307S,41,163,3
2024/04/29 16:05,03F3259S,03F3307S,42,180,9
2024/04/29 16:05,03F3259S,03F3307S,5,210,4
2024/04/29 16:05,03F3445N,03F3392N,31,168,71
2024/04/29 16:05,03F3445N,03F3392N,32,172,40
2024/04/29 16:05,03F3445N,03F3392N,41,177,4
2024/04/29 16:05,03F3445N,03F3392N,42,196,7
2024/04/29 16:05,03F3445N,03F3392N,5,214,8
2024/04/29 16:05,03F3307S,03F3392S,31,277,91
2024/04/29 16:05,03F3307S,03F3392S,32,282,26
2024/04/29 16:05,03F3307S,03F3392S,41,306,2
2024/04/29 16:05,03F3307S,03F3392S,42,326,7
2024/04/29 16:05,03F3307S,03F3392S,5,341,11
2024/04/29 16:05,01F3126S,03F3445N,31,0,0
2024/04/29 16:05,01F3126S,03F3445N,32,0,0
2024/04/29 16:05,01F3126S,03F3445N,41,0,0
2024/04/29 16:05,01F3126S,03F3445N,42,0,0
2024/04/29 16:05,01F3126S,03F3445N,5,0,0
2024/04/29 16:05,01F3185N,03F3445N,31,538,10
2024/04/29 16:05,01F3185N,03F3445N,32,570,2
2024/04/29 16:05,01F3185N,03F3445N,41,0,0
2024/04/29 16:05,01F3185N,03F3445N,42,1674,2
2024/04/29 16:05,01F3185N,03F3445N,5,0,0
2024/04/29 16:05,03F3496N,03F3445N,31,167,47
2024/04/29 16:05,03F3496N,03F3445N,32,166,27
2024/04/29 16:05,03F3496N,03F3445N,41,161,2
2024/04/29 16:05,03F3496N,03F3445N,42,191,2
2024/04/29 16:05,03F3496N,03F3445N,5,210,5
2024/04/29 16:05,03F3392S,03F3445S,31,181,89
2024/04/29 16:05,03F3392S,03F3445S,32,186,27
2024/04/29 16:05,03F3392S,03F3445S,41,212,2
2024/04/29 16:05,03F3392S,03F3445S,42,210,5
2024/04/29 16:05,03F3392S,03F3445S,5,206,6
2024/04/29 16:05,03F3588N,03F3496N,31,299,76
2024/04/29 16:05,03F3588N,03F3496N,32,299,35
2024/04/29 16:05,03F3588N,03F3496N,41,0,0
2024/04/29 16:05,03F3588N,03F3496N,42,350,4
2024/04/29 16:05,03F3588N,03F3496N,5,354,9
2024/04/29 16:05,01F3126S,03F3496S,31,576,3
2024/04/29 16:05,01F3126S,03F3496S,32,554,7
2024/04/29 16:05,01F3126S,03F3496S,41,0,0
2024/04/29 16:05,01F3126S,03F3496S,42,611,3
2024/04/29 16:05,01F3126S,03F3496S,5,637,1
2024/04/29 16:05,01F3185N,03F3496S,31,0,0
2024/04/29 16:05,01F3185N,03F3496S,32,0,0
2024/04/29 16:05,01F3185N,03F3496S,41,0,0
2024/04/29 16:05,01F3185N,03F3496S,42,3172,1
2024/04/29 16:05,01F3185N,03F3496S,5,0,0
2024/04/29 16:05,03F3445S,03F3496S,31,173,65
2024/04/29 16:05,03F3445S,03F3496S,32,177,25
2024/04/29 16:05,03F3445S,03F3496S,41,0,0
2024/04/29 16:05,03F3445S,03F3496S,42,197,8
2024/04/29 16:05,03F3445S,03F3496S,5,220,7
2024/04/29 16:05,03F3670N,03F3588N,31,266,90
2024/04/29 16:05,03F3670N,03F3588N,32,280,20
2024/04/29 16:05,03F3670N,03F3588N,41,514,2
2024/04/29 16:05,03F3670N,03F3588N,42,303,11
2024/04/29 16:05,03F3670N,03F3588N,5,327,9
2024/04/29 16:05,03F3496S,03F3588S,31,306,63
2024/04/29 16:05,03F3496S,03F3588S,32,309,36
2024/04/29 16:05,03F3496S,03F3588S,41,341,2
2024/04/29 16:05,03F3496S,03F3588S,42,325,10
2024/04/29 16:05,03F3496S,03F3588S,5,344,8
2024/04/29 16:05,03F3743N,03F3670N,31,236,75
2024/04/29 16:05,03F3743N,03F3670N,32,243,25
2024/04/29 16:05,03F3743N,03F3670N,41,252,2
2024/04/29 16:05,03F3743N,03F3670N,42,257,9
2024/04/29 16:05,03F3743N,03F3670N,5,290,8
2024/04/29 16:05,03F3588S,03F3670S,31,276,80
2024/04/29 16:05,03F3588S,03F3670S,32,290,29
2024/04/29 16:05,03F3588S,03F3670S,41,297,1
2024/04/29 16:05,03F3588S,03F3670S,42,312,11
2024/04/29 16:05,03F3588S,03F3670S,5,325,9
2024/04/29 16:05,01F3590S,03F3743N,31,0,0
2024/04/29 16:05,01F3590S,03F3743N,32,3250,1
2024/04/29 16:05,01F3590S,03F3743N,41,0,0
2024/04/29 16:05,01F3590S,03F3743N,42,0,0
2024/04/29 16:05,01F3590S,03F3743N,5,0,0
2024/04/29 16:05,01F3640N,03F3743N,31,1071,7
2024/04/29 16:05,01F3640N,03F3743N,32,1106,2
2024/04/29 16:05,01F3640N,03F3743N,41,0,0
2024/04/29 16:05,01F3640N,03F3743N,42,0,0
2024/04/29 16:05,01F3640N,03F3743N,5,1210,2
2024/04/29 16:05,03F3854N,03F3743N,31,367,52
2024/04/29 16:05,03F3854N,03F3743N,32,384,19
2024/04/29 16:05,03F3854N,03F3743N,41,381,1
2024/04/29 16:05,03F3854N,03F3743N,42,409,13
2024/04/29 16:05,03F3854N,03F3743N,5,489,2
2024/04/29 16:05,03F3670S,03F3743S,31,239,63
2024/04/29 16:05,03F3670S,03F3743S,32,245,30
2024/04/29 16:05,03F3670S,03F3743S,41,233,1
2024/04/29 16:05,03F3670S,03F3743S,42,293,14
2024/04/29 16:05,03F3670S,03F3743S,5,278,9
2024/04/29 16:05,03F3916N,03F3854N,31,212,70
2024/04/29 16:05,03F3916N,03F3854N,32,213,32
2024/04/29 16:05,03F3916N,03F3854N,41,246,2
2024/04/29 16:05,03F3916N,03F3854N,42,262,8
2024/04/29 16:05,03F3916N,03F3854N,5,243,6
2024/04/29 16:05,01F3590S,03F3854S,31,0,0
2024/04/29 16:05,01F3590S,03F3854S,32,834,1
2024/04/29 16:05,01F3590S,03F3854S,41,0,0
2024/04/29 16:05,01F3590S,03F3854S,42,1012,1
2024/04/29 16:05,01F3590S,03F3854S,5,0,0
2024/04/29 16:05,01F3640N,03F3854S,31,803,5
2024/04/29 16:05,01F3640N,03F3854S,32,814,2
2024/04/29 16:05,01F3640N,03F3854S,41,0,0
2024/04/29 16:05,01F3640N,03F3854S,42,0,0
2024/04/29 16:05,01F3640N,03F3854S,5,0,0
2024/04/29 16:05,03F3743S,03F3854S,31,371,31
2024/04/29 16:05,03F3743S,03F3854S,32,383,18
2024/04/29 16:05,03F3743S,03F3854S,41,441,1
2024/04/29 16:05,03F3743S,03F3854S,42,442,6
2024/04/29 16:05,03F3743S,03F3854S,5,438,3
2024/04/29 16:05,03F3984N,03F3916N,31,234,80
2024/04/29 16:05,03F3984N,03F3916N,32,234,31
2024/04/29 16:05,03F3984N,03F3916N,41,224,1
2024/04/29 16:05,03F3984N,03F3916N,42,276,6
2024/04/29 16:05,03F3984N,03F3916N,5,290,4
2024/04/29 16:05,03F3854S,03F3916S,31,204,55
2024/04/29 16:05,03F3854S,03F3916S,32,213,27
2024/04/29 16:05,03F3854S,03F3916S,41,217,1
2024/04/29 16:05,03F3854S,03F3916S,42,227,11
2024/04/29 16:05,03F3854S,03F3916S,5,270,4
2024/04/29 16:05,03F3916S,03F3981S,31,217,44
2024/04/29 16:05,03F3916S,03F3981S,32,234,25
2024/04/29 16:05,03F3916S,03F3981S,41,0,0
2024/04/29 16:05,03F3916S,03F3981S,42,239,10
2024/04/29 16:05,03F3916S,03F3981S,5,250,5
2024/04/29 16:05,03F4021N,03F3984N,31,123,43
2024/04/29 16:05,03F4021N,03F3984N,32,128,17
2024/04/29 16:05,03F4021N,03F3984N,41,131,2
2024/04/29 16:05,03F4021N,03F3984N,42,139,7
2024/04/29 16:05,03F4021N,03F3984N,5,153,4
2024/04/29 16:05,03F3981S,03F4018S,31,126,31
2024/04/29 16:05,03F3981S,03F4018S,32,129,9
2024/04/29 16:05,03F3981S,03F4018S,41,0,0
2024/04/29 16:05,03F3981S,03F4018S,42,135,8
2024/04/29 16:05,03F3981S,03F4018S,5,148,2
2024/04/29 16:05,03F4142N,03F4021N,31,415,53
2024/04/29 16:05,03F4142N,03F4021N,32,466,18
2024/04/29 16:05,03F4142N,03F4021N,41,428,2
2024/04/29 16:05,03F4142N,03F4021N,42,466,5
2024/04/29 16:05,03F4142N,03F4021N,5,1458,2
2024/04/29 16:05,03F4168N,03F4142N,31,88,53
2024/04/29 16:05,03F4168N,03F4142N,32,87,17
2024/04/29 16:05,03F4168N,03F4142N,41,0,0
2024/04/29 16:05,03F4168N,03F4142N,42,103,5
2024/04/29 16:05,03F4168N,03F4142N,5,104,5
2024/04/29 16:05,03F4018S,03F4142S,31,408,26
2024/04/29 16:05,03F4018S,03F4142S,32,454,13
2024/04/29 16:05,03F4018S,03F4142S,41,1395,1
2024/04/29 16:05,03F4018S,03F4142S,42,513,5
2024/04/29 16:05,03F4018S,03F4142S,5,566,2
2024/04/29 16:05,03F4232N,03F4168N,31,232,79
2024/04/29 16:05,03F4232N,03F4168N,32,224,28
2024/04/29 16:05,03F4232N,03F4168N,41,254,2
2024/04/29 16:05,03F4232N,03F4168N,42,266,6
2024/04/29 16:05,03F4232N,03F4168N,5,255,2
2024/04/29 16:05,03F4142S,03F4168S,31,87,23
2024/04/29 16:05,03F4142S,03F4168S,32,96,14
2024/04/29 16:05,03F4142S,03F4168S,41,0,0
2024/04/29 16:05,03F4142S,03F4168S,42,0,0
2024/04/29 16:05,03F4142S,03F4168S,5,0,0
2024/04/29 16:05,03F4259N,03F4232N,31,98,19
2024/04/29 16:05,03F4259N,03F4232N,32,101,10
2024/04/29 16:05,03F4259N,03F4232N,41,102,3
2024/04/29 16:05,03F4259N,03F4232N,42,116,3
2024/04/29 16:05,03F4259N,03F4232N,5,116,1
2024/04/29 16:05,03F4168S,03F4232S,31,216,36
2024/04/29 16:05,03F4168S,03F4232S,32,212,23
2024/04/29 16:05,03F4168S,03F4232S,41,229,2
2024/04/29 16:05,03F4168S,03F4232S,42,226,1
2024/04/29 16:05,03F4168S,03F4232S,5,294,3
2024/04/29 16:05,03F4232S,03F4263S,31,102,11
2024/04/29 16:05,03F4232S,03F4263S,32,99,3
2024/04/29 16:05,03F4232S,03F4263S,41,0,0
2024/04/29 16:05,03F4232S,03F4263S,42,0,0
2024/04/29 16:05,03F4232S,03F4263S,5,0,0
2024/04/29 16:05,03F0158S,05F0000S,31,49,58
2024/04/29 16:05,03F0158S,05F0000S,32,52,17
2024/04/29 16:05,03F0158S,05F0000S,41,0,0
2024/04/29 16:05,03F0158S,05F0000S,42,44,1
2024/04/29 16:05,03F0158S,05F0000S,5,0,0
2024/04/29 16:05,03F0201N,05F0000S,31,197,38
2024/04/29 16:05,03F0201N,05F0000S,32,199,11
2024/04/29 16:05,03F0201N,05F0000S,41,213,2
2024/04/29 16:05,03F0201N,05F0000S,42,0,0
2024/04/29 16:05,03F0201N,05F0000S,5,0,0
2024/04/29 16:05,05F0055N,05F0001N,31,262,143
2024/04/29 16:05,05F0055N,05F0001N,32,276,30
2024/04/29 16:05,05F0055N,05F0001N,41,280,5
2024/04/29 16:05,05F0055N,05F0001N,42,278,1
2024/04/29 16:05,05F0055N,05F0001N,5,0,0
2024/04/29 16:05,05F0287N,05F0055N,31,1596,109
2024/04/29 16:05,05F0287N,05F0055N,32,1596,35
2024/04/29 16:05,05F0287N,05F0055N,41,1669,8
2024/04/29 16:05,05F0287N,05F0055N,42,0,0
2024/04/29 16:05,05F0287N,05F0055N,5,0,0
2024/04/29 16:05,05F0000S,05F0055S,31,241,78
2024/04/29 16:05,05F0000S,05F0055S,32,243,27
2024/04/29 16:05,05F0000S,05F0055S,41,250,3
2024/04/29 16:05,05F0000S,05F0055S,42,0,0
2024/04/29 16:05,05F0000S,05F0055S,5,0,0
2024/04/29 16:05,05F0309N,05F0287N,31,214,78
2024/04/29 16:05,05F0309N,05F0287N,32,217,34
2024/04/29 16:05,05F0309N,05F0287N,41,274,5
2024/04/29 16:05,05F0309N,05F0287N,42,208,1
2024/04/29 16:05,05F0309N,05F0287N,5,0,0
2024/04/29 16:05,05F0055S,05F0287S,31,974,76
2024/04/29 16:05,05F0055S,05F0287S,32,977,19
2024/04/29 16:05,05F0055S,05F0287S,41,1041,4
2024/04/29 16:05,05F0055S,05F0287S,42,0,0
2024/04/29 16:05,05F0055S,05F0287S,5,0,0
2024/04/29 16:05,05F0438N,05F0309N,31,480,70
2024/04/29 16:05,05F0438N,05F0309N,32,489,20
2024/04/29 16:05,05F0438N,05F0309N,41,527,1
2024/04/29 16:05,05F0438N,05F0309N,42,0,0
2024/04/29 16:05,05F0438N,05F0309N,5,512,1
2024/04/29 16:05,05F0287S,05F0309S,31,86,74
2024/04/29 16:05,05F0287S,05F0309S,32,87,16
2024/04/29 16:05,05F0287S,05F0309S,41,94,3
2024/04/29 16:05,05F0287S,05F0309S,42,0,0
2024/04/29 16:05,05F0287S,05F0309S,5,0,0
2024/04/29 16:05,05F0528N,05F0438N,31,345,28
2024/04/29 16:05,05F0528N,05F0438N,32,348,8
2024/04/29 16:05,05F0528N,05F0438N,41,0,0
2024/04/29 16:05,05F0528N,05F0438N,42,318,1
2024/04/29 16:05,05F0528N,05F0438N,5,414,5
2024/04/29 16:05,05F0309S,05F0439S,31,483,56
2024/04/29 16:05,05F0309S,05F0439S,32,501,13
2024/04/29 16:05,05F0309S,05F0439S,41,526,3
2024/04/29 16:05,05F0309S,05F0439S,42,524,1
2024/04/29 16:05,05F0309S,05F0439S,5,509,1
2024/04/29 16:05,05FR113S,05F0439S,31,116,22
2024/04/29 16:05,05FR113S,05F0439S,32,112,9
2024/04/29 16:05,05FR113S,05F0439S,41,126,2
2024/04/29 16:05,05FR113S,05F0439S,42,122,1
2024/04/29 16:05,05FR113S,05F0439S,5,122,1
2024/04/29 16:05,05F0439S,05F0494S,31,194,20
2024/04/29 16:05,05F0439S,05F0494S,32,216,6
2024/04/29 16:05,05F0439S,05F0494S,41,0,0
2024/04/29 16:05,05F0439S,05F0494S,42,230,2
2024/04/29 16:05,05F0439S,05F0494S,5,0,0
2024/04/29 16:05,05F0438N,05FR143N,31,114,16
2024/04/29 16:05,05F0438N,05FR143N,32,113,9
2024/04/29 16:05,05F0438N,05FR143N,41,0,0
2024/04/29 16:05,05F0438N,05FR143N,42,119,2
2024/04/29 16:05,05F0438N,05FR143N,5,119,7
